SMILES,FIA,group,HIA,reorg_nrj,GEI
CC(C)(C)c1cc(Cl)c2c(c1)-c1cc(Cl)cc3c1B(O2)Oc1c(Cl)cc(C(C)(C)C)cc1-3,341.0144344000146,OCO,465.10790695715696,176.7054640000424,2.685840671817907
CC(C)(C)c1cc(F)c2c(c1)-c1cc(N)cc3c1B(O2)Oc1c(F)cc(C(C)(C)C)cc1-3,298.0308964001015,OCO,,,2.143049318630692
CC(C)(C)c1cc2c(c([N+](=O)[O-])c1)OB1Oc3c(cc(C(C)(C)C)cc3[N+](=O)[O-])-c3cc(C#N)cc-2c31,397.5230164006352,OCO,525.1691029574722,178.98558599954413,3.612321662162508
CC(C)(C)c1cc2c3c(c1)-c1cc(C#N)cc(C(C)(C)C)c1OB3Oc1c-2cc(C#N)cc1C(C)(C)C,399.689076400362,OCO,523.038090956863,161.1628459995245,2.821834056077469
CC(C)(C)c1cc2c3c(c1)-c1cc(C(C)(C)C)cc(C(C)(C)C)c1OB3Oc1c-2cc(C(C)(C)C)cc1C(C)(C)C,314.68992840033025,OCO,434.1417509568855,175.4139140002735,1.942857944435484
CC(C)(C)c1cc2c3c(c1)-c1cc(C(F)(F)F)cc(C#N)c1OB3Oc1c(C#N)cc(C(F)(F)F)cc1-2,405.5401684008539,OCO,,,3.654826409052619
CC(C)(C)c1cc2c3c(c1)-c1cc(C(F)(F)F)cc(F)c1OB3Oc1c(F)cc(C(F)(F)F)cc1-2,361.4533984009177,OCO,,,2.89494429202466
CC(C)(C)c1cc2c3c(c1)-c1cc(Cl)cc(C(F)(F)F)c1OB3Oc1c-2cc(Cl)cc1C(F)(F)F,368.2693503992632,OCO,,,3.051100505962826
CC(C)(C)c1cc2c3c(c1)-c1cc(N)cc(F)c1OB3Oc1c(F)cc(N)cc1-2,292.54637839924544,OCO,,,2.0143054630020423
CC(C)(C)c1cc2c3c(c1)-c1cc(O)cc(Br)c1OB3Oc1c(Br)cc(O)cc1-2,323.3096823953092,OCO,445.35854095593095,176.2553000005937,2.4766653232892963
CN(C)c1cc(F)cc2c1OB1Oc3c(cc(F)cc3N(C)C)-c3cc(C(C)(C)C)cc-2c31,318.7738524004817,OCO,,,2.0879918821126093
CN(C)c1cc(N)cc2c1OB1Oc3c(cc(N)cc3N(C)C)-c3cc(Br)cc-2c31,304.859692402184,OCO,422.2528869584203,188.2312119995732,1.8898683261912368
CN(C)c1cc(O)c2c(c1)-c1cccc3c1B(O2)Oc1c(O)cc(N(C)C)cc1-3,343.8058463996276,OCO,465.2839009570889,158.79546799997115,1.8213572966223444
CN(C)c1cc([N+](=O)[O-])cc2c1OB1Oc3c(cc([N+](=O)[O-])cc3N(C)C)-c3cccc-2c31,382.3855043994263,OCO,505.316672956571,178.94588400026805,3.095026495754099
CN(C)c1cc2c(c(C(F)(F)F)c1)OB1Oc3c(cc(N(C)C)cc3C(F)(F)F)-c3cc(C(F)(F)F)cc-2c31,340.8021184010431,OCO,,,2.5030460336004943
CN(C)c1cc2c3c(c1)-c1cc(C(C)(C)C)cc(C(F)(F)F)c1OB3Oc1c-2cc(C(C)(C)C)cc1C(F)(F)F,321.5692424001172,OCO,,,2.2910635556290573
CN(C)c1cc2c3c(c1)-c1cc(C(F)(F)F)ccc1OB3Oc1ccc(C(F)(F)F)cc1-2,327.97670840099454,OCO,,,2.397181084896029
CN(C)c1cc2c3c(c1)-c1cc(O)cc(C(C)(C)C)c1OB3Oc1c-2cc(O)cc1C(C)(C)C,300.4790303995833,OCO,418.1763729569502,182.5065319996611,1.8817324973338103
CN(C)c1cc2c3c(c1)-c1cc([N+](=O)[O-])cc(O)c1OB3Oc1c(O)cc([N+](=O)[O-])cc1-2,393.77449239976704,OCO,519.1217369562946,193.6162800002421,3.154340682779059
COc1cc(C#N)c2c(c1)-c1cc(N(C)C)cc3c1B(O2)Oc1c(C#N)cc(OC)cc1-3,338.88035439979285,OCO,455.2395809562877,184.94340800025384,2.727842784275418
COc1cc(C(F)(F)F)cc2c1OB1Oc3c(OC)cc(C(F)(F)F)cc3-c3cc(O)cc-2c31,351.8742704000324,OCO,,,2.7857746536390184
COc1cc(C)cc2c1OB1Oc3c(OC)cc(C)cc3-c3cc(F)cc-2c31,316.344724399969,OCO,,,2.2975503064715426
COc1cc(Cl)cc2c1OB1Oc3c(OC)cc(Cl)cc3-c3cc(N)cc-2c31,331.31609639991075,OCO,442.3955029565841,180.3126259999772,2.452332528342137
COc1cc2c(c(C(F)(F)F)c1)OB1Oc3c(cc(OC)cc3C(F)(F)F)-c3cc(N(C)C)cc-2c31,304.3148104008287,OCO,,,2.304704933919171
COc1cc2c(c(N(C)C)c1)OB1Oc3c(cc(OC)cc3N(C)C)-c3cc(Br)cc-2c31,297.9391943998635,OCO,432.4590829592198,190.61504799947213,2.083489609678366
COc1cc2c3c(c1)-c1cc(Br)cc(OC)c1OB3Oc1c(OC)cc(Br)cc1-2,324.5143663994968,OCO,441.643738957122,177.93323600035365,2.410036414952605
COc1cc2c3c(c1)-c1cc(C(C)(C)C)cc(C#N)c1OB3Oc1c(C#N)cc(C(C)(C)C)cc1-2,344.1604603994638,OCO,476.0477449567989,194.1391400000157,2.9124805823770603
COc1cc2c3c(c1)-c1cc(Cl)cc(C)c1OB3Oc1c(C)cc(Cl)cc1-2,324.69483240135014,OCO,445.582114957273,176.70676399989134,2.434500172930351
COc1cc2c3c(c1)-c1cc(N)cc(O)c1OB3Oc1c(O)cc(N)cc1-2,308.67693439964205,OCO,421.9804329569452,180.2749520005364,1.9190125452175903
COc1cc2c3c(c1)-c1cc(O)cc(C(F)(F)F)c1OB3Oc1c-2cc(O)cc1C(F)(F)F,328.29177640005946,OCO,,,2.6904445130341017
COc1cc2c3c(c1)-c1cc([N+](=O)[O-])cc(N)c1OB3Oc1c(N)cc([N+](=O)[O-])cc1-2,367.0430084001273,OCO,495.52879095776007,199.9800140001753,3.0386528096683136
COc1cc2c3c(c1)-c1cc([N+](=O)[O-])cc(OC)c1OB3Oc1c(OC)cc([N+](=O)[O-])cc1-2,384.85243640095,OCO,505.5387389576063,199.3389320003189,3.368169240708656
COc1ccc2c(c1)-c1cc(O)cc3c1B(O2)Oc1ccc(OC)cc1-3,284.8343104002997,OCO,399.6575349573977,176.39481599953797,2.0839692244374786
COc1cccc2c1OB1Oc3c(OC)cccc3-c3cc(Cl)cc-2c31,317.9338443996385,OCO,451.6460949573666,170.61129799994887,2.460383166249776
Cc1cc(Br)c2c(c1)-c1cc(F)cc3c1B(O2)Oc1c(Br)cc(C)cc1-3,330.83600639924407,OCO,,,2.650902143948187
Cc1cc(C#N)c2c(c1)-c1cc(C(C)(C)C)cc3c1B(O2)Oc1c(C#N)cc(C)cc1-3,354.2101363996044,OCO,479.8785849567503,178.12815799979944,2.892869370892394
Cc1cc(C#N)c2c(c1)-c1cccc3c1B(O2)Oc1c(C#N)cc(C)cc1-3,356.4507643999532,OCO,482.0044229575433,177.8596559999187,2.9706705029238303
Cc1cc(C(C)(C)C)cc2c1OB1Oc3c(C)cc(C(C)(C)C)cc3-c3cc(N)cc-2c31,283.23234639968723,OCO,402.4988929573447,178.5347200004253,1.849743730434683
Cc1cc(Cl)cc2c1OB1Oc3c(C)cc(Cl)cc3-c3cc(N(C)C)cc-2c31,313.6006584009156,OCO,433.7701069572941,178.99442600005386,2.181291399323596
Cc1cc(Cl)cc2c1OB1Oc3c(C)cc(Cl)cc3-c3cc(N)cc-2c31,316.45348240062594,OCO,436.5529649564997,178.25418000015816,2.3307848166681837
Cc1cc(F)c2c(c1)-c1cc(C(C)(C)C)cc3c1B(O2)Oc1c(F)cc(C)cc1-3,307.7630604011938,OCO,,,2.2164240836807254
Cc1cc(O)cc2c1OB1Oc3c(C)cc(O)cc3-c3cc(Br)cc-2c31,312.6966644003988,OCO,432.9666549582034,173.76647600076467,2.331304156120636
Cc1cc2c(c(C(C)(C)C)c1)OB1Oc3c(cc(C)cc3C(C)(C)C)-c3cc(F)cc-2c31,334.0212143994868,OCO,,,2.196349095231483
Cc1cc2c(c(C(F)(F)F)c1)OB1Oc3c(cc(C)cc3C(F)(F)F)-c3cc([N+](=O)[O-])cc-2c31,373.0434704013169,OCO,,,3.866297129622897
Cc1cc2c(c([N+](=O)[O-])c1)OB1Oc3c(cc(C)cc3[N+](=O)[O-])-c3cc(C(C)(C)C)cc-2c31,358.855712399818,OCO,483.2662029569037,180.82123800027148,3.0521451990334896
Cc1cc2c3c(c1)-c1cc(C#N)cc(Br)c1OB3Oc1c(Br)cc(C#N)cc1-2,397.0231924019754,OCO,523.9058929588646,179.0312159993846,3.3717008877584385
Cc1cc2c3c(c1)-c1cc(Cl)cc(C#N)c1OB3Oc1c(C#N)cc(Cl)cc1-2,389.35659840144217,OCO,516.0091469567269,178.4636619999219,3.5336353978564747
Cc1cc2c3c(c1)-c1cc(Cl)cc(N)c1OB3Oc1c(N)cc(Cl)cc1-2,327.824296399951,OCO,448.9619069565088,177.99332199983837,2.218804002223934
Cc1cc2c3c(c1)-c1cc(F)cc(F)c1OB3Oc1c(F)cc(F)cc1-2,327.4005744000897,OCO,,,2.650100203953902
Cc1cc2c3c(c1)-c1cc(O)cc(C)c1OB3Oc1c(C)cc(O)cc1-2,289.044204399921,OCO,408.4814409567043,173.594095999988,1.933993323709212
Cc1cc2c3c(c1)-c1ccccc1OB3Oc1ccccc1-2,291.9599926006049,OCO,412.33779215672985,174.0366081999582,2.0875472120669247
Cc1ccc2c(c1)-c1cc([N+](=O)[O-])cc3c1B(O2)Oc1ccc(C)cc1-3,332.212940399535,OCO,454.85340295685455,173.0859260003399,3.3473063597302493
Cc1cccc2c1OB1Oc3c(C)cccc3-c3cc(C(F)(F)F)cc-2c31,322.86731840018183,OCO,,,2.3876217928476824
FC(F)(F)c1cc2c(c(C(F)(F)F)c1)OB1Oc3c(cc(C(F)(F)F)cc3C(F)(F)F)-c3cc(Br)cc-2c31,402.7280864007771,OCO,,,3.618814878869162
FC(F)(F)c1cc2c3c(c1)-c1cc(Cl)cc(Br)c1OB3Oc1c(Br)cc(Cl)cc1-2,383.6520164050162,OCO,,,3.3386612180661417
FC(F)(F)c1cc2c3c(c1)-c1cccc(C(F)(F)F)c1OB3Oc1c-2cccc1C(F)(F)F,364.1025124005973,OCO,,,3.06927984287296
Fc1cc2c3c(c1)-c1cc(C(F)(F)F)cc(Cl)c1OB3Oc1c(Cl)cc(C(F)(F)F)cc1-2,383.079652399756,OCO,,,3.395200073970424
Fc1ccc2c(c1)-c1cccc3c1B(O2)Oc1ccc(F)cc1-3,311.94568040035665,OCO,,,2.4563162413797284
N#Cc1cc(C#N)c2c(c1)-c1cc([N+](=O)[O-])cc3c1B(O2)Oc1c(C#N)cc(C#N)cc1-3,470.8866964010522,OCO,601.8734969580546,178.99008399986087,5.20208282029763
N#Cc1cc(N)c2c(c1)-c1cc(Br)cc3c1B(O2)Oc1c(N)cc(C#N)cc1-3,385.0906484015286,OCO,511.9463089574128,179.4567840000127,2.975313272393301
N#Cc1cc([N+](=O)[O-])cc2c1OB1Oc3c(C#N)cc([N+](=O)[O-])cc3-c3cc(O)cc-2c31,436.8599503999576,OCO,566.3599409577437,184.31857599998693,4.308874098226351
N#Cc1cc2c3c(c1)-c1cc(N)cc(O)c1OB3Oc1c(O)cc(N)cc1-2,350.3198603997007,OCO,472.4673629570752,177.37452200021835,2.711511044419532
Nc1cc(Br)cc2c1OB1Oc3c(N)cc(Br)cc3-c3cc(O)cc-2c31,328.2133863978088,OCO,447.5590769574046,180.2906820003045,2.3010957188668235
Nc1cc(Cl)c2c(c1)-c1cc(N)cc3c1B(O2)Oc1c(Cl)cc(N)cc1-3,292.14330040011555,OCO,413.6499549569562,180.07984800005943,2.1070069739624504
Nc1cc(Cl)cc2c1OB1Oc3c(N)cc(Cl)cc3-c3cc(F)cc-2c31,338.69903040025383,OCO,,,2.483627038923009
Nc1cc(F)cc2c1OB1Oc3c(N)cc(F)cc3-c3cc(F)cc-2c31,323.35515640024096,OCO,,,2.3531008360967807
Nc1cc(O)c2c(c1)-c1cc(Cl)cc3c1B(O2)Oc1c(O)cc(N)cc1-3,331.0211004000157,OCO,451.4273309567943,179.16974399990977,2.199534334263505
Nc1cc(O)c2c(c1)-c1cccc3c1B(O2)Oc1c(O)cc(N)cc1-3,334.64625439886004,OCO,454.9214189564809,157.57393599988063,1.8182574225763943
Nc1cc2c(c([N+](=O)[O-])c1)OB1Oc3c(cc(N)cc3[N+](=O)[O-])-c3cc(F)cc-2c31,350.33702039998025,OCO,,,3.159684846476565
Nc1cc2c3c(c1)-c1cc(F)cc(O)c1OB3Oc1c(O)cc(F)cc1-2,334.3543263999745,OCO,,,2.4096003851278445
Nc1cccc2c1OB1Oc3c(N)cccc3-c3cc(Cl)cc-2c31,314.9687783997506,OCO,435.6452529570088,178.49798199995348,2.1256030991667063
O=[N+]([O-])c1cc(Cl)c2c(c1)-c1cc(Br)cc3c1B(O2)Oc1c(Cl)cc([N+](=O)[O-])cc1-3,425.4291543979198,OCO,554.0679469574243,181.6174100016724,3.930591636727801
O=[N+]([O-])c1cc(O)c2c(c1)-c1cc(Br)cc3c1B(O2)Oc1c(O)cc([N+](=O)[O-])cc1-3,394.92673440277576,OCO,556.5013649594039,194.57573199933904,3.637230303592645
O=[N+]([O-])c1cc2c3c(c1)-c1cccc(Cl)c1OB3Oc1c(Cl)cccc1-2,368.91038040071726,OCO,494.7712809573859,175.53065399947627,3.845858870780344
O=[N+]([O-])c1cc2c3c(c1)-c1cccc([N+](=O)[O-])c1OB3Oc1c-2cccc1[N+](=O)[O-],408.0253003994003,OCO,538.653586957138,178.81682000015644,4.395052415434343
O=[N+]([O-])c1cccc2c1OB1Oc3c(cccc3[N+](=O)[O-])-c3cc(O)cc-2c31,362.9691724004224,OCO,489.3551949569956,181.97878399955692,3.306563402772255
Oc1cc(O)c2c(c1)-c1cc(Br)cc3c1B(O2)Oc1c(O)cc(O)cc1-3,364.27393040061,OCO,485.72985895723104,159.38228800023353,2.4117200783897834
Oc1cc2c3c(c1)-c1cc(Br)cc(Cl)c1OB3Oc1c(Cl)cc(Br)cc1-2,355.84332640096545,OCO,480.021662954241,179.08149999966554,2.996380169868811
Oc1ccc2c(c1)-c1cccc3c1B(O2)Oc1ccc(O)cc1-3,291.7219183994457,OCO,411.7635509571992,174.00333600007798,2.0764191559818435
c1ccc2c(c1)OB1Oc3ccccc3-c3cccc-2c31,288.362824,OCO,,175.762423,2.1260961095877637
CC(C)(C)c1c(C#N)c(C(F)(F)F)cc2c1NB1Nc3c(cc(C(F)(F)F)c(C#N)c3C(C)(C)C)N12,362.0349664008245,NNN,,,2.996781058597189
CC(C)(C)c1c(C#N)c(Cl)cc2c1NB1Nc3c(cc(Cl)c(C#N)c3C(C)(C)C)N12,349.25539440009743,NNN,475.0890469569713,177.35728400102744,2.7810916499547806
CC(C)(C)c1cc2c(c(C(C)(C)C)c1)NB1Nc3c(cc(C(C)(C)C)cc3C(C)(C)C)N12,252.8646064000204,NNN,384.2735949573107,175.2749700000095,0.9540407806032554
CN(C)c1c(Br)cc2c(c1C#N)NB1Nc3c(cc(Br)c(N(C)C)c3C#N)N12,364.2139224000275,NNN,494.08488095738,176.43397200045,2.397452728397756
CN(C)c1c(C#N)cc2c(c1C(F)(F)F)NB1Nc3c(cc(C#N)c(N(C)C)c3C(F)(F)F)N12,362.9708884004504,NNN,,,2.43283888211358
CN(C)c1c(C(F)(F)F)cc2c(c1O)NB1Nc3c(cc(C(F)(F)F)c(N(C)C)c3O)N12,306.3167324000969,NNN,,,1.411065933229274
CN(C)c1c(C(F)(F)F)cc2c(c1[N+](=O)[O-])NB1Nc3c(cc(C(F)(F)F)c(N(C)C)c3[N+](=O)[O-])N12,378.0065063992515,NNN,,,3.5664604903050314
CN(C)c1c(F)ccc2c1NB1Nc3c(ccc(F)c3N(C)C)N12,269.4752524001524,NNN,,,1.066320239100899
CN(C)c1c(N)cc2c(c1N)NB1Nc3c(cc(N)c(N(C)C)c3N)N12,234.9679744001478,NNN,360.5414969571866,215.19510999951308,0.6701230048740842
CN(C)c1c(O)cc2c(c1F)NB1Nc3c(cc(O)c(N(C)C)c3F)N12,243.5424363994971,NNN,,,1.0485547858135842
CN(C)c1c(O)cc2c(c1N(C)C)NB1Nc3c(cc(O)c(N(C)C)c3N(C)C)N12,238.84889040049163,NNN,366.0204249573872,195.69635800007745,0.9733546726896136
CN(C)c1cc2c(c(Cl)c1C(F)(F)F)NB1Nc3c(cc(N(C)C)c(C(F)(F)F)c3Cl)N12,337.52448039967567,NNN,,,2.0091596357596773
COc1c(Br)c(C(C)(C)C)cc2c1NB1Nc3c(cc(C(C)(C)C)c(Br)c3OC)N12,296.076658397913,NNN,428.2411549575627,169.7033000005831,1.3584727574902475
COc1c(C#N)c([N+](=O)[O-])cc2c1NB1Nc3c(cc([N+](=O)[O-])c(C#N)c3OC)N12,413.7079903995618,NNN,542.5482049570419,176.70845399975406,3.9838321680738873
COc1c(Cl)c(O)cc2c1NB1Nc3c(cc(O)c(Cl)c3OC)N12,278.44603239931166,NNN,417.6464929562062,199.01154000012863,1.3790971523150652
COc1c(Cl)cc2c(c1C(F)(F)F)NB1Nc3c(cc(Cl)c(OC)c3C(F)(F)F)N12,342.0443984000012,NNN,,,1.9650155219930796
COc1c(N)cc2c(c1C(F)(F)F)NB1Nc3c(cc(N)c(OC)c3C(F)(F)F)N12,277.697804399766,NNN,,,1.4167048939526077
COc1c(O)cc2c(c1Cl)NB1Nc3c(cc(O)c(OC)c3Cl)N12,306.9824364008382,NNN,416.02185695804656,152.4697199997263,1.3463032376731354
COc1cc2c(c(C(F)(F)F)c1O)NB1Nc3c(cc(OC)c(O)c3C(F)(F)F)N12,321.05938240047544,NNN,,,1.4459489210285694
COc1cc2c(c(N)c1C(F)(F)F)NB1Nc3c(cc(OC)c(C(F)(F)F)c3N)N12,301.13059040065855,NNN,,,1.5326776734239511
COc1cc2c(c(OC)c1C)NB1Nc3c(cc(OC)c(C)c3OC)N12,253.4974723998457,NNN,372.1352869570255,181.3211399998636,0.9557730528099366
COc1cc2c(c(OC)c1Cl)NB1Nc3c(cc(OC)c(Cl)c3OC)N12,299.73491040151566,NNN,419.20139695703983,173.91626199987513,1.409125568171398
COc1cc2c(cc1OC)N1B(N2)Nc2cc(OC)c(OC)cc21,273.2337084002793,NNN,382.7790109566413,162.62737399965772,0.7865109842829145
COc1ccc2c(c1O)NB1Nc3c(ccc(OC)c3O)N12,237.57338239997625,NNN,362.23329095728695,262.6359839998713,0.7919980217863116
Cc1c(C#N)ccc2c1NB1Nc3c(ccc(C#N)c3C)N12,331.23678339924663,NNN,455.4212949569337,168.83243259990195,2.308907842585652
Cc1c(C(C)(C)C)cc2c(c1C)NB1Nc3c(cc(C(C)(C)C)c(C)c3C)N12,258.5178643995896,NNN,380.4848229568452,168.98585600015394,0.890503397368623
Cc1c(C(F)(F)F)cc2c(c1C(C)(C)C)NB1Nc3c(cc(C(F)(F)F)c(C)c3C(C)(C)C)N12,304.7474504010752,NNN,,,1.385431268061545
Cc1c(Cl)c(Br)cc2c1NB1Nc3c(cc(Br)c(Cl)c3C)N12,324.47661440074444,NNN,449.1794749572873,172.08331400070165,1.6551912915784752
Cc1c(Cl)c(C#N)cc2c1NB1Nc3c(cc(C#N)c(Cl)c3C)N12,369.4986044000834,NNN,495.9704789565876,171.31620999989536,2.281556844420234
Cc1c(F)cc2c(c1N)NB1Nc3c(cc(F)c(C)c3N)N12,258.93313639983535,NNN,,,1.003614202777544
Cc1c(N(C)C)cc2c(c1N(C)C)NB1Nc3c(cc(N(C)C)c(C)c3N(C)C)N12,250.4269763994962,NNN,375.2090069572441,175.51258400021652,0.8742319892111206
Cc1c(N)c(N(C)C)cc2c1NB1Nc3c(cc(N(C)C)c(N)c3C)N12,199.70643640030173,NNN,341.50065695727244,225.9083320003356,0.5789546193809995
Cc1c(N)cc2c(c1N)NB1Nc3c(cc(N)c(C)c3N)N12,244.8302579997108,NNN,358.88476395700127,194.2886998000404,0.6705108366031073
Cc1c([N+](=O)[O-])cc2c(c1C)NB1Nc3c(cc([N+](=O)[O-])c(C)c3C)N12,344.2279563993216,NNN,470.7122329571285,173.3639700004005,2.5318295736644894
Cc1c2c(cc(F)c1N(C)C)N1B(N2)Nc2c1cc(F)c(N(C)C)c2C,275.18872639909387,NNN,,,1.0865358205186193
Cc1c2c(cc(F)c1[N+](=O)[O-])N1B(N2)Nc2c1cc(F)c([N+](=O)[O-])c2C,359.1146983988583,NNN,,,3.170236473988416
Cc1cc(Br)cc2c1NB1Nc3c(C)cc(Br)cc3N12,295.86538240127265,NNN,418.6112229600549,168.40436600086832,1.3494708550647008
Cc1cc(Cl)c2c(c1)N1B(N2)Nc2c(Cl)cc(C)cc21,290.0440604016185,NNN,413.9235269576311,169.3441360000179,1.3728028548091002
Cc1cc2c(c(Br)c1[N+](=O)[O-])NB1Nc3c(cc(C)c([N+](=O)[O-])c3Br)N12,361.1331043988466,NNN,488.91254495829344,172.64246999911848,3.1107022567661278
Cc1cc2c(c(C(C)(C)C)c1[N+](=O)[O-])NB1Nc3c(cc(C)c([N+](=O)[O-])c3C(C)(C)C)N12,320.53959040064365,NNN,459.0597349572927,174.15689199951885,2.24714727989368
Cc1cc2c(c(N)c1C)NB1Nc3c(cc(C)c(C)c3N)N12,251.90717200003564,NNN,366.9002753570676,185.14340259985147,0.7728778868920475
Cc1cc2c(cc1C#N)NB1Nc3cc(C#N)c(C)cc3N12,327.34926600009203,NNN,453.70324875740334,167.79798100001244,2.3783524268520595
Fc1c(Cl)cc2c(c1F)NB1Nc3c(cc(Cl)c(F)c3F)N12,335.50355240050703,NNN,,,1.6764520267266716
Fc1cc2c(c(C(F)(F)F)c1)NB1Nc3c(cc(F)cc3C(F)(F)F)N12,327.2358384002,NNN,,,2.028899166486726
Fc1cc2c(c(C(F)(F)F)c1C(F)(F)F)NB1Nc3c(cc(F)c(C(F)(F)F)c3C(F)(F)F)N12,370.75419640075415,NNN,,,2.950327062173228
N#Cc1c(Br)cc2c(c1[N+](=O)[O-])NB1Nc3c(cc(Br)c(C#N)c3[N+](=O)[O-])N12,447.1363983973861,NNN,583.7776529565454,179.56923399906373,5.021814155209001
N#Cc1c(F)cc2c(c1N)NB1Nc3c(cc(F)c(C#N)c3N)N12,327.41401639953256,NNN,,,2.431606374425971
N#Cc1c(N)cc2c(c1Cl)NB1Nc3c(cc(N)c(C#N)c3Cl)N12,342.4980204002932,NNN,468.12546695768833,174.9750600000425,2.51431467160408
N#Cc1cc(F)c2c(c1)N1B(N2)Nc2c(F)cc(C#N)cc21,361.1470924001187,NNN,,,2.3841168722933745
N#Cc1cc2c(c(Br)c1Br)NB1Nc3c(cc(C#N)c(Br)c3Br)N12,398.066234394908,NNN,527.4252009578049,172.42524000030244,2.7530187232246823
N#Cc1cc2c(c(C(F)(F)F)c1C#N)NB1Nc3c(cc(C#N)c(C#N)c3C(F)(F)F)N12,446.3445944013074,NNN,,,4.380102933987232
N#Cc1cc2c(cc1[N+](=O)[O-])N1B(N2)Nc2cc(C#N)c([N+](=O)[O-])cc21,420.5671804007143,NNN,549.7948469580151,173.3204979996117,4.135073173464508
N#Cc1ccc2c(c1F)NB1Nc3c(ccc(C#N)c3F)N12,353.50252039916813,NNN,,,2.7477774190567823
Nc1c(Br)cc2c(c1Cl)NB1Nc3c(cc(Br)c(N)c3Cl)N12,316.4576424024999,NNN,441.7647689580917,170.68430599993007,1.2476197998851313
Nc1c(Br)cc2c(c1[N+](=O)[O-])NB1Nc3c(cc(Br)c(N)c3[N+](=O)[O-])N12,361.25975039973855,NNN,494.2261649575085,181.3328400008686,3.2512539280428205
Nc1ccc2c(c1Cl)NB1Nc3c(ccc(N)c3Cl)N12,280.0692384010181,NNN,404.06266295723617,169.68962400037526,0.9209896564992408
O=[N+]([O-])c1c(C(F)(F)F)cc2c(c1Br)NB1Nc3c(cc(C(F)(F)F)c([N+](=O)[O-])c3Br)N12,409.5372783988714,NNN,,,3.6137386895473953
Oc1c(Cl)ccc2c1NB1Nc3c(ccc(Cl)c3O)N12,277.24270039983094,NNN,399.7635629568249,204.53531799998927,1.2664275025935423
Oc1cc2c(c(O)c1Br)NB1Nc3c(cc(O)c(Br)c3O)N12,268.1476924009621,NNN,402.8170029595494,223.26826599964988,1.2723656075652785
Oc1cc2c(cc1F)N1B(N2)Nc2cc(O)c(F)cc21,277.80760239996016,NNN,,,1.0404980089238511
c1ccc2c(c1)NB1Nc3ccccc3N12,246.432263,NNN,,167.299396,1.0286976926943725
Brc1cc(Br)c2c(c1)N1B(O2)Oc2c(Br)cc(Br)cc21,416.679895658046,ONO,421.8840544037521,185.5500399979064,2.3100610602784624
Brc1ccc2c(c1)N1B(O2)Oc2ccc(Br)cc21,379.5528548564762,ONO,,,1.898748754071815
Brc1ccc2c(c1)OB1Oc3cc(Br)ccc3N12,382.61626223661005,ONO,,,1.853526333237704
Brc1ccc2c(c1Br)OB1Oc3c(ccc(Br)c3Br)N12,410.1484388075769,ONO,,,2.1647665900248985
Brc1cccc2c1OB1Oc3c(Br)cccc3N12,378.3202087655664,ONO,,,1.84046372125
CC(C)(C)c1c(C#N)c(C#N)cc2c1OB1Oc3c(cc(C#N)c(C#N)c3C(C)(C)C)N12,477.6998809436336,ONO,,,3.920947859892616
CC(C)(C)c1c(C(F)(F)F)cc2c(c1N)OB1Oc3c(cc(C(F)(F)F)c(C(C)(C)C)c3N)N12,384.6726327575743,ONO,390.18766240030527,,1.6624366667365544
CC(C)(C)c1c(F)c(Br)cc2c1OB1Oc3c(cc(Br)c(F)c3C(C)(C)C)N12,399.2792880609632,ONO,404.65245039761066,,1.7746099157884698
CC(C)(C)c1c(F)ccc2c1OB1Oc3c(ccc(F)c3C(C)(C)C)N12,368.04536624532193,ONO,373.7218884006143,,1.4101784148379493
CC(C)(C)c1c(N)cc2c(c1[N+](=O)[O-])OB1Oc3c(cc(N)c(C(C)(C)C)c3[N+](=O)[O-])N12,388.5450617680326,ONO,394.0224804002792,206.70681199962928,2.4578247818631502
CC(C)(C)c1c(O)cc2c(c1O)OB1Oc3c(cc(O)c(C(C)(C)C)c3O)N12,374.3289233651012,ONO,,,1.3692732073661962
CC(C)(C)c1c([N+](=O)[O-])cc2c(c1N)OB1Oc3c(cc([N+](=O)[O-])c(C(C)(C)C)c3N)N12,407.1945147877559,ONO,412.49080040026456,199.8397440003373,2.52186704846087
CC(C)(C)c1c2c(cc(Cl)c1C(F)(F)F)N1B(O2)Oc2c1cc(Cl)c(C(F)(F)F)c2C(C)(C)C,427.0018133968115,ONO,,,2.723345317257357
CC(C)(C)c1cc(F)cc2c1OB1Oc3c(cc(F)cc3C(C)(C)C)N12,351.5901487627998,ONO,,,1.6194376625243423
CC(C)(C)c1cc2c(c(Br)c1Cl)OB1Oc3c(cc(C(C)(C)C)c(Cl)c3Br)N12,405.0663368366658,ONO,410.3832924030721,184.71013600083097,2.028034096594564
CC(C)(C)c1cc2c(c(C(C)(C)C)c1O)OB1Oc3c(cc(C(C)(C)C)c(O)c3C(C)(C)C)N12,365.206045310013,ONO,370.9101443998516,163.36439599995174,1.019312104479693
CC(C)(C)c1cc2c(c(C(F)(F)F)c1)OB1Oc3c(cc(C(C)(C)C)cc3C(F)(F)F)N12,389.9661662606522,ONO,,,1.9470649712226225
CC(C)(C)c1cc2c(c(C(F)(F)F)c1N)OB1Oc3c(cc(C(C)(C)C)c(N)c3C(F)(F)F)N12,374.32254339940846,ONO,379.9380983998999,,1.3729434889792425
CC(C)(C)c1cc2c(c(O)c1[N+](=O)[O-])OB1Oc3c(cc(C(C)(C)C)c([N+](=O)[O-])c3O)N12,433.8435518583283,ONO,438.8810084005818,188.303674000008,2.611206461798569
CC(C)(C)c1cc2c(c([N+](=O)[O-])c1N)OB1Oc3c(cc(C(C)(C)C)c(N)c3[N+](=O)[O-])N12,405.6169567378238,ONO,410.92856440041214,197.50990999982605,2.706771424218037
CC(C)(C)c1cc2c(cc1Br)OB1Oc3cc(Br)c(C(C)(C)C)cc3N12,380.62072455510497,ONO,,,1.760277972820591
CC(C)(C)c1cc2c(cc1C#N)N1B(O2)Oc2cc(C(C)(C)C)c(C#N)cc21,429.0131303342059,ONO,,,2.3297974025124044
CC(C)(C)c1cc2c(cc1F)N1B(O2)Oc2cc(C(C)(C)C)c(F)cc21,356.5237786974758,ONO,362.3122043991461,,1.5855355432210645
CC(C)(C)c1cc2c(cc1F)OB1Oc3cc(F)c(C(C)(C)C)cc3N12,353.6690198201686,ONO,,,1.421992261197301
CC(C)(C)c1cc2c(cc1O)N1B(O2)Oc2cc(C(C)(C)C)c(O)cc21,326.2632610825822,ONO,,,1.362264872988713
CC(C)(C)c1ccc2c(c1O)OB1Oc3c(ccc(C(C)(C)C)c3O)N12,354.17910199891776,ONO,,,1.2824045483851123
CN(C)c1c(Br)c(N)cc2c1OB1Oc3c(cc(N)c(Br)c3N(C)C)N12,357.8800333328545,ONO,363.65528639778495,183.92064600029693,1.4273818758514751
CN(C)c1c(C#N)c(C(F)(F)F)cc2c1OB1Oc3c(cc(C(F)(F)F)c(C#N)c3N(C)C)N12,445.8117369906977,ONO,,,3.005618083876072
CN(C)c1c(C#N)cc2c(c1O)OB1Oc3c(cc(C#N)c(N(C)C)c3O)N12,441.0850227251649,ONO,,,2.0889112636974363
CN(C)c1c(C#N)cc2c(c1[N+](=O)[O-])OB1Oc3c(cc(C#N)c(N(C)C)c3[N+](=O)[O-])N12,477.33603912685066,ONO,481.9510744009167,198.69935799988525,3.404268726097661
CN(C)c1c(C(F)(F)F)cc2c(c1C(F)(F)F)OB1Oc3c(cc(C(F)(F)F)c(N(C)C)c3C(F)(F)F)N12,436.10037931986153,ONO,,,2.5005451597642185
CN(C)c1c(Cl)c(Br)cc2c1OB1Oc3c(cc(Br)c(Cl)c3N(C)C)N12,398.23244862258434,ONO,,,1.9434243776555125
CN(C)c1c(Cl)c(F)cc2c1OB1Oc3c(cc(F)c(Cl)c3N(C)C)N12,382.4888729667291,ONO,,,1.871772672584299
CN(C)c1c(N)ccc2c1OB1Oc3c(ccc(N)c3N(C)C)N12,335.4979854458943,ONO,341.49062439985573,186.7056880001201,0.8001074554255236
CN(C)c1c(O)c(C#N)cc2c1OB1Oc3c(cc(C#N)c(O)c3N(C)C)N12,416.244535212405,ONO,421.4529224000871,185.7167520000985,2.130791232104062
CN(C)c1c(O)cc2c(c1C(C)(C)C)OB1Oc3c(cc(O)c(N(C)C)c3C(C)(C)C)N12,346.79364870209247,ONO,352.67657839972526,175.82328399957987,1.381103676635695
CN(C)c1c(O)cc2c(c1O)OB1Oc3c(cc(O)c(N(C)C)c3O)N12,326.2165796896443,ONO,,,1.168452175372076
CN(C)c1c(O)ccc2c1OB1Oc3c(ccc(O)c3N(C)C)N12,332.1576928170398,ONO,338.1827743994072,184.27058000033867,1.0301298552282303
CN(C)c1c2c(cc(C(C)(C)C)c1[N+](=O)[O-])N1B(O2)Oc2c1cc(C(C)(C)C)c([N+](=O)[O-])c2N(C)C,417.5457856217399,ONO,422.7415344007313,187.0841960000689,2.383857157606451
CN(C)c1c2c(cc([N+](=O)[O-])c1C(C)(C)C)N1B(O2)Oc2c1cc([N+](=O)[O-])c(C(C)(C)C)c2N(C)C,430.81222809292376,ONO,435.8791264006868,185.6469940000352,2.6537678625070167
CN(C)c1c2c(cc([N+](=O)[O-])c1C(F)(F)F)N1B(O2)Oc2c1cc([N+](=O)[O-])c(C(F)(F)F)c2N(C)C,460.36309925839305,ONO,465.14298440050334,,3.260344434989896
CN(C)c1cc(C(C)(C)C)cc2c1OB1Oc3c(N(C)C)cc(C(C)(C)C)cc3N12,343.3187466766685,ONO,,,1.1412440527152643
CN(C)c1cc(C(F)(F)F)cc2c1OB1Oc3c(N(C)C)cc(C(F)(F)F)cc3N12,385.1091746762395,ONO,390.61996440123767,,1.6478898085310858
CN(C)c1cc(Cl)c2c(c1)N1B(O2)Oc2c(Cl)cc(N(C)C)cc21,365.6133654117584,ONO,371.3135084006936,188.0820759995004,1.5731788744648303
CN(C)c1cc(O)c2c(c1)N1B(O2)Oc2c(O)cc(N(C)C)cc21,313.24377316143364,ONO,319.45255640055984,193.29260599974987,1.1525201490976358
CN(C)c1cc2c(c(Br)c1C#N)OB1Oc3c(cc(N(C)C)c(C#N)c3Br)N12,444.9250793159008,ONO,449.8549064025283,176.2047039988829,3.284050903617272
CN(C)c1cc2c(c(C#N)c1N(C)C)OB1Oc3c(cc(N(C)C)c(N(C)C)c3C#N)N12,403.4820312494412,ONO,,,1.9917952683331976
CN(C)c1cc2c(c(C(F)(F)F)c1C(C)(C)C)OB1Oc3c(cc(N(C)C)c(C(C)(C)C)c3C(F)(F)F)N12,396.3704176237807,ONO,,,2.079301335357708
CN(C)c1cc2c(c(F)c1Cl)OB1Oc3c(cc(N(C)C)c(Cl)c3F)N12,386.4749861350283,ONO,,,1.8447553748648453
CN(C)c1cc2c(c([N+](=O)[O-])c1F)OB1Oc3c(cc(N(C)C)c(F)c3[N+](=O)[O-])N12,435.52145652566105,ONO,440.5426163999364,,3.016335428025296
CN(C)c1cc2c(cc1Br)OB1Oc3cc(Br)c(N(C)C)cc3N12,377.04833770543337,ONO,382.63741839677095,184.25474599989684,1.717814242595513
CN(C)c1cc2c(cc1Cl)N1B(O2)Oc2cc(N(C)C)c(Cl)cc21,371.2182832369581,ONO,,,1.4671270477871112
CN(C)c1cc2c(cc1O)N1B(O2)Oc2cc(N(C)C)c(O)cc21,306.86428026482463,ONO,,,1.3666613770362974
CN(C)c1cc2c(cc1O)OB1Oc3cc(O)c(N(C)C)cc3N12,345.44713466987014,ONO,,,1.0907379506867607
CN(C)c1ccc2c(c1)N1B(O2)Oc2ccc(N(C)C)cc21,329.31348844990134,ONO,,,1.145031314824422
CN(C)c1ccc2c(c1)OB1Oc3cc(N(C)C)ccc3N12,333.7807324072346,ONO,,,0.8778416862888136
CN(C)c1ccc2c(c1C#N)OB1Oc3c(ccc(N(C)C)c3C#N)N12,407.31452640146017,ONO,412.60964639950544,194.74662999982684,2.2069749611392293
CN(C)c1ccc2c(c1Cl)OB1Oc3c(ccc(N(C)C)c3Cl)N12,371.0338943591341,ONO,,,1.4480552009506995
CN(C)c1ccc2c(c1N(C)C)OB1Oc3c(ccc(N(C)C)c3N(C)C)N12,356.9477444700897,ONO,,,0.920396037984942
CN(C)c1cccc2c1OB1Oc3c(N(C)C)cccc3N12,340.14165251515806,ONO,,,1.1630587958062255
COc1c(Br)c(F)cc2c1OB1Oc3c(cc(F)c(Br)c3OC)N12,400.5737384222448,ONO,405.9343283958733,,1.9751492025417008
COc1c(Br)cc2c(c1N)OB1Oc3c(cc(Br)c(OC)c3N)N12,376.3926977962256,ONO,381.9881463982165,179.3854140016265,1.368098619874008
COc1c(Br)cc2c(c1OC)OB1Oc3c(cc(Br)c(OC)c3OC)N12,389.1735802590847,ONO,394.6448943987489,188.9191979988027,1.6169828079078965
COc1c(C#N)c(Cl)cc2c1OB1Oc3c(cc(Cl)c(C#N)c3OC)N12,453.2188506647945,ONO,458.0681244004518,177.93047999994087,3.1594979020816862
COc1c(C#N)cc2c(c1C(C)(C)C)OB1Oc3c(cc(C#N)c(OC)c3C(C)(C)C)N12,426.23296191729605,ONO,,,2.295875510839857
COc1c(C(C)(C)C)cc2c(c1O)OB1Oc3c(cc(C(C)(C)C)c(OC)c3O)N12,372.8239866495133,ONO,,,1.2038196054346215
COc1c(C(C)(C)C)ccc2c1OB1Oc3c(ccc(C(C)(C)C)c3OC)N12,369.9086312279105,ONO,375.5670563997701,170.82319800015284,1.2957519335194492
COc1c(C)cc2c(c1C#N)OB1Oc3c(cc(C)c(OC)c3C#N)N12,421.2423848826438,ONO,,,2.1796899701537567
COc1c(C)cc2c(c1F)OB1Oc3c(cc(C)c(OC)c3F)N12,362.4789907615632,ONO,,,1.4187994754201545
COc1c(Cl)c(C)cc2c1OB1Oc3c(cc(C)c(Cl)c3OC)N12,379.47432614769787,ONO,,,1.5701504846876382
COc1c(F)c(C(C)(C)C)cc2c1OB1Oc3c(cc(C(C)(C)C)c(F)c3OC)N12,388.5806372957304,ONO,394.0577103998512,,1.3801170319502372
COc1c(F)c(N(C)C)cc2c1OB1Oc3c(cc(N(C)C)c(F)c3OC)N12,376.4559460962191,ONO,,,1.3986825005602066
COc1c(F)cc2c(c1C(F)(F)F)OB1Oc3c(cc(F)c(OC)c3C(F)(F)F)N12,411.89279488567263,ONO,,,2.303191202726085
COc1c(F)cc2c(c1N)OB1Oc3c(cc(F)c(OC)c3N)N12,348.83731180243194,ONO,354.70039239991456,,1.2361178933665156
COc1c(N(C)C)cc2c(c1Cl)OB1Oc3c(cc(N(C)C)c(OC)c3Cl)N12,395.1836915332824,ONO,,,1.4225705158913096
COc1c(N)c(C)cc2c1OB1Oc3c(cc(C)c(N)c3OC)N12,337.52938746102154,ONO,,,0.7457868554679554
COc1c2c(cc(C(C)(C)C)c1C(C)(C)C)N1B(O2)Oc2c1cc(C(C)(C)C)c(C(C)(C)C)c2OC,382.6474531777203,ONO,,,1.368042794009809
COc1c2c(cc(C)c1C(C)(C)C)N1B(O2)Oc2c1cc(C)c(C(C)(C)C)c2OC,350.23541691340506,ONO,,,1.299328627650922
COc1c2c(cc(C)c1C(F)(F)F)N1B(O2)Oc2c1cc(C)c(C(F)(F)F)c2OC,396.97157840430737,ONO,,,2.130180503240036
COc1c2c(cc(C)c1N(C)C)N1B(O2)Oc2c1cc(C)c(N(C)C)c2OC,349.6779969660565,ONO,,,1.2221163763128453
COc1cc(C#N)cc2c1OB1Oc3c(OC)cc(C#N)cc3N12,419.7298342175782,ONO,,,2.3632029908622623
COc1cc(C(F)(F)F)cc2c1OB1Oc3c(OC)cc(C(F)(F)F)cc3N12,388.5930034015328,ONO,,,1.8403750716589249
COc1cc(O)c2c(c1)N1B(O2)Oc2c(O)cc(OC)cc21,345.20466972514987,ONO,351.10303239990026,211.43101199982084,1.303639306801453
COc1cc2c(c(Br)c1C(F)(F)F)OB1Oc3c(cc(OC)c(C(F)(F)F)c3Br)N12,420.5686815343797,ONO,425.7350704036653,,2.710853083408433
COc1cc2c(c(Br)c1C)OB1Oc3c(cc(OC)c(C)c3Br)N12,377.4281163103879,ONO,383.0135083980858,186.4413980018071,1.7220963840974195
COc1cc2c(c(C#N)c1Cl)OB1Oc3c(cc(OC)c(Cl)c3C#N)N12,443.7135422509164,ONO,448.6551363999024,197.9053700002169,3.0233344018406547
COc1cc2c(c(C(C)(C)C)c1)OB1Oc3c(cc(OC)cc3C(C)(C)C)N12,347.91371334251016,ONO,,,1.2986464048392892
COc1cc2c(c(C(C)(C)C)c1F)OB1Oc3c(cc(OC)c(F)c3C(C)(C)C)N12,360.6538217877969,ONO,366.4021343998611,,1.3850638762019232
COc1cc2c(c(C(C)(C)C)c1O)OB1Oc3c(cc(OC)c(O)c3C(C)(C)C)N12,353.82229652255774,ONO,359.63696040026844,172.80426799948145,1.1341642757061192
COc1cc2c(c(C(C)(C)C)c1[N+](=O)[O-])OB1Oc3c(cc(OC)c([N+](=O)[O-])c3C(C)(C)C)N12,416.380641143769,ONO,421.5877064010128,187.2126879997268,2.38551742249003
COc1cc2c(c(C(F)(F)F)c1)OB1Oc3c(cc(OC)cc3C(F)(F)F)N12,375.8527899356559,ONO,,,2.008978182448406
COc1cc2c(c(C)c1[N+](=O)[O-])OB1Oc3c(cc(OC)c([N+](=O)[O-])c3C)N12,420.8500563893467,ONO,,,3.2012115447139244
COc1cc2c(c(F)c1F)OB1Oc3c(cc(OC)c(F)c3F)N12,388.3064563088119,ONO,393.7861923994497,,1.649347691880163
COc1cc2c(c(F)c1O)OB1Oc3c(cc(OC)c(O)c3F)N12,364.53016279358417,ONO,,,1.2279532126268171
COc1cc2c(c(N(C)C)c1C(C)(C)C)OB1Oc3c(cc(OC)c(C(C)(C)C)c3N(C)C)N12,356.2165164090693,ONO,,,1.3680975119125698
COc1cc2c(c(N(C)C)c1O)OB1Oc3c(cc(OC)c(O)c3N(C)C)N12,328.0186180071905,ONO,,,1.0332338903792202
COc1cc2c(c(N)c1C)OB1Oc3c(cc(OC)c(C)c3N)N12,335.0753586795181,ONO,341.07210240047425,186.59830800006603,1.0872365334442602
COc1cc2c(c([N+](=O)[O-])c1F)OB1Oc3c(cc(OC)c(F)c3[N+](=O)[O-])N12,446.3964358847588,ONO,,,3.2913711575719784
COc1cc2c(cc1C(F)(F)F)OB1Oc3cc(C(F)(F)F)c(OC)cc3N12,400.3803178248927,ONO,,,2.270135223818238
COc1cc2c(cc1Cl)OB1Oc3cc(Cl)c(OC)cc3N12,376.5360501082614,ONO,,,1.792793886573025
COc1cc2c(cc1N)OB1Oc3cc(N)c(OC)cc3N12,330.5633840756491,ONO,,,0.9655793536064472
COc1cc2c(cc1OC)N1B(O2)Oc2cc(OC)c(OC)cc21,339.1729768412188,ONO,,,1.210132826242048
COc1ccc2c(c1)N1B(O2)Oc2ccc(OC)cc21,326.04094947874546,ONO,,,1.372668340545295
COc1ccc2c(c1)OB1Oc3cc(OC)ccc3N12,337.80446374230087,ONO,,,1.053604437856675
Cc1c(Br)c(C#N)cc2c1OB1Oc3c(cc(C#N)c(Br)c3C)N12,445.8410375714302,ONO,,,2.6732328792794413
Cc1c(Br)c(Cl)cc2c1OB1Oc3c(cc(Cl)c(Br)c3C)N12,402.82770409062505,ONO,,,2.0764522450734866
Cc1c(Br)c([N+](=O)[O-])cc2c1OB1Oc3c(cc([N+](=O)[O-])c(Br)c3C)N12,451.0974202528596,ONO,,,3.250335435485172
Cc1c(Br)cc2c(c1C(C)(C)C)OB1Oc3c(cc(Br)c(C)c3C(C)(C)C)N12,371.9059279933572,ONO,377.5449543967843,179.7301479999078,1.6145402323036997
Cc1c(C(C)(C)C)cc2c(c1C(C)(C)C)OB1Oc3c(cc(C(C)(C)C)c(C)c3C(C)(C)C)N12,349.8591302251443,ONO,,,1.244576742184165
Cc1c(C(F)(F)F)cc2c(c1C(C)(C)C)OB1Oc3c(cc(C(F)(F)F)c(C)c3C(C)(C)C)N12,394.352851995267,ONO,,,1.7722422481870672
Cc1c(C(F)(F)F)cc2c(c1C(F)(F)F)OB1Oc3c(cc(C(F)(F)F)c(C)c3C(F)(F)F)N12,434.2600087011233,ONO,,,2.5559639848663136
Cc1c(C(F)(F)F)cc2c(c1[N+](=O)[O-])OB1Oc3c(cc(C(F)(F)F)c(C)c3[N+](=O)[O-])N12,461.0338357947767,ONO,,,3.5680477544435765
Cc1c(Cl)c(C(C)(C)C)cc2c1OB1Oc3c(cc(C(C)(C)C)c(Cl)c3C)N12,371.2233767099679,ONO,,,1.6044446344861774
Cc1c(Cl)c(N)cc2c1OB1Oc3c(cc(N)c(Cl)c3C)N12,348.49770335294306,ONO,354.3640824016184,182.11816999987605,1.4591327007608954
Cc1c(Cl)cc2c(c1Cl)OB1Oc3c(cc(Cl)c(C)c3Cl)N12,406.01968221366405,ONO,,,2.0678014904377315
Cc1c(Cl)ccc2c1OB1Oc3c(ccc(Cl)c3C)N12,372.1462137727067,ONO,,,1.6890013289811083
Cc1c(F)cc2c(c1C(F)(F)F)OB1Oc3c(cc(F)c(C)c3C(F)(F)F)N12,408.5683340234682,ONO,,,2.3168300959479278
Cc1c(F)cc2c(c1F)OB1Oc3c(cc(F)c(C)c3F)N12,374.92879765015095,ONO,,,1.792082557273189
Cc1c(F)cc2c(c1N(C)C)OB1Oc3c(cc(F)c(C)c3N(C)C)N12,361.1936508845538,ONO,,,1.4162062284463466
Cc1c(N(C)C)cc2c(c1Br)OB1Oc3c(cc(N(C)C)c(C)c3Br)N12,384.2095470316708,ONO,,,1.5649069602436658
Cc1c(N(C)C)cc2c(c1C(F)(F)F)OB1Oc3c(cc(N(C)C)c(C)c3C(F)(F)F)N12,380.8964020758867,ONO,,,1.8213878947177773
Cc1c(N(C)C)cc2c(c1N(C)C)OB1Oc3c(cc(N(C)C)c(C)c3N(C)C)N12,330.3379586292431,ONO,,,1.0948436434442632
Cc1c(N(C)C)cc2c(c1O)OB1Oc3c(cc(N(C)C)c(C)c3O)N12,355.6565497275442,ONO,361.4533983999863,184.44961599989256,1.1370802922233196
Cc1c(N)c(C(C)(C)C)cc2c1OB1Oc3c(cc(C(C)(C)C)c(N)c3C)N12,327.21148673444986,ONO,,,0.8100548394381178
Cc1c(N)cc2c(c1C#N)OB1Oc3c(cc(N)c(C)c3C#N)N12,392.86041266005486,ONO,,,2.253433098721275
Cc1c(O)cc2c(c1O)OB1Oc3c(cc(O)c(C)c3O)N12,352.7257563630119,ONO,358.5510703995824,183.576952000476,1.2247979034883725
Cc1c([N+](=O)[O-])cc2c(c1C)OB1Oc3c(cc([N+](=O)[O-])c(C)c3C)N12,420.3900424977765,ONO,,,2.952407115950339
Cc1c([N+](=O)[O-])cc2c(c1[N+](=O)[O-])OB1Oc3c(cc([N+](=O)[O-])c(C)c3[N+](=O)[O-])N12,500.41507855430245,ONO,,,4.280241791850329
Cc1c2c(cc(C#N)c1C(C)(C)C)N1B(O2)Oc2c1cc(C#N)c(C(C)(C)C)c2C,416.0545277632773,ONO,,,2.213795752148278
Cc1c2c(cc(F)c1N(C)C)N1B(O2)Oc2c1cc(F)c(N(C)C)c2C,362.9203636003658,ONO,368.6466624001041,,1.4221663993384284
Cc1c2c(cc(N)c1C(C)(C)C)N1B(O2)Oc2c1cc(N)c(C(C)(C)C)c2C,332.6528621539473,ONO,338.673134399578,184.42525399977967,1.175236793802313
Cc1cc(Br)cc2c1OB1Oc3c(C)cc(Br)cc3N12,375.0686580464244,ONO,,,1.728200302755231
Cc1cc(Cl)c2c(c1)N1B(O2)Oc2c(Cl)cc(C)cc21,372.6356332665309,ONO,,,1.7501844442715422
Cc1cc(N)cc2c1OB1Oc3c(C)cc(N)cc3N12,312.4457024903968,ONO,,,1.1097500614003433
Cc1cc2c(c(Br)c1Br)OB1Oc3c(cc(C)c(Br)c3Br)N12,401.5612153038383,ONO,,,2.0585912225499685
Cc1cc2c(c(C#N)c1C(C)(C)C)OB1Oc3c(cc(C)c(C(C)(C)C)c3C#N)N12,416.6352358981967,ONO,,,2.4320891395221307
Cc1cc2c(c(C#N)c1N(C)C)OB1Oc3c(cc(C)c(N(C)C)c3C#N)N12,412.6525358790532,ONO,,,2.521023683321873
Cc1cc2c(c(C#N)c1[N+](=O)[O-])OB1Oc3c(cc(C)c([N+](=O)[O-])c3C#N)N12,488.8687062850222,ONO,,,4.646930876307308
Cc1cc2c(c(C(C)(C)C)c1C(F)(F)F)OB1Oc3c(cc(C)c(C(F)(F)F)c3C(C)(C)C)N12,387.3426089314744,ONO,,,2.159754738334214
Cc1cc2c(c(C(C)(C)C)c1Cl)OB1Oc3c(cc(C)c(Cl)c3C(C)(C)C)N12,375.6727856416255,ONO,,,1.597429396760301
Cc1cc2c(c(C(C)(C)C)c1[N+](=O)[O-])OB1Oc3c(cc(C)c([N+](=O)[O-])c3C(C)(C)C)N12,411.66282732319087,ONO,,,2.486816664567169
Cc1cc2c(c(C(F)(F)F)c1)OB1Oc3c(cc(C)cc3C(F)(F)F)N12,387.7232014406472,ONO,,,2.003929343606093
Cc1cc2c(c(C)c1Br)OB1Oc3c(cc(C)c(Br)c3C)N12,366.681576423347,ONO,,,1.628821692877182
Cc1cc2c(c(C)c1N(C)C)OB1Oc3c(cc(C)c(N(C)C)c3C)N12,329.00186783168465,ONO,,,1.1467363321157598
Cc1cc2c(c(Cl)c1N)OB1Oc3c(cc(C)c(N)c3Cl)N12,357.7031271327287,ONO,363.480098400265,182.4637880000409,1.1054763058575057
Cc1cc2c(c(F)c1O)OB1Oc3c(cc(C)c(O)c3F)N12,363.6025473186746,ONO,369.3222203999758,,1.1975316965992508
Cc1cc2c(c(N(C)C)c1C(C)(C)C)OB1Oc3c(cc(C)c(C(C)(C)C)c3N(C)C)N12,343.5724750170484,ONO,,,1.3301306596506322
Cc1cc2c(c(N(C)C)c1C(F)(F)F)OB1Oc3c(cc(C)c(C(F)(F)F)c3N(C)C)N12,406.44777002185583,ONO,,,1.8846238525844472
Cc1cc2c(c(N)c1Cl)OB1Oc3c(cc(C)c(Cl)c3N)N12,358.4134037019685,ONO,364.1834763996303,184.6726440000566,1.3470895691397768
Cc1cc2c(c(O)c1Br)OB1Oc3c(cc(C)c(Br)c3O)N12,379.0741211511194,ONO,384.6435263976455,179.40923000041948,1.628781235314061
Cc1cc2c(c([N+](=O)[O-])c1C#N)OB1Oc3c(cc(C)c(C#N)c3[N+](=O)[O-])N12,486.16438856814057,ONO,,,4.545598224820858
Cc1cc2c(c([N+](=O)[O-])c1N(C)C)OB1Oc3c(cc(C)c(N(C)C)c3[N+](=O)[O-])N12,408.98450206033885,ONO,,,2.655478876680584
Cc1cc2c(c([N+](=O)[O-])c1N)OB1Oc3c(cc(C)c(N)c3[N+](=O)[O-])N12,398.0364812854677,ONO,,,2.740340293146049
Cc1cc2c(cc1Br)OB1Oc3cc(Br)c(C)cc3N12,374.2983625382185,ONO,,,1.754751538113052
Cc1cc2c(cc1C(C)(C)C)N1B(O2)Oc2cc(C)c(C(C)(C)C)cc21,336.5664590075612,ONO,,,1.2451450962669233
Cc1cc2c(cc1C(F)(F)F)N1B(O2)Oc2cc(C)c(C(F)(F)F)cc21,387.1686170324683,ONO,,,1.8378428398636568
Cc1cc2c(cc1N(C)C)N1B(O2)Oc2cc(C)c(N(C)C)cc21,332.604237889871,ONO,,,1.2080129663278332
Cc1cc2c(cc1N)OB1Oc3cc(N)c(C)cc3N12,321.13169206120074,ONO,,,0.854527230123392
Cc1cc2c(cc1[N+](=O)[O-])N1B(O2)Oc2cc(C)c([N+](=O)[O-])cc21,430.0932348622009,ONO,,,3.219346928638496
Cc1ccc2c(c1)N1B(O2)Oc2ccc(C)cc21,332.37260313518345,ONO,,,1.358670403423513
Cc1ccc2c(c1)OB1Oc3cc(C)ccc3N12,333.955485700164,ONO,,,1.3194106018093226
Cc1ccc2c(c1C#N)OB1Oc3c(ccc(C)c3C#N)N12,415.7594661740586,ONO,,,2.575063020349268
Cc1ccc2c(c1C(C)(C)C)OB1Oc3c(ccc(C)c3C(C)(C)C)N12,350.8241590792313,ONO,,,1.2700814250950938
Cc1ccc2c(c1C(F)(F)F)OB1Oc3c(ccc(C)c3C(F)(F)F)N12,385.7434167591855,ONO,391.24804639909416,,1.9772115699736896
Cc1ccc2c(c1F)OB1Oc3c(ccc(C)c3F)N12,356.3937928089872,ONO,,,1.4775361622203322
Cc1ccc2c(c1O)OB1Oc3c(ccc(C)c3O)N12,356.9943077163771,ONO,,,1.2229680799079137
Cc1ccc2c(c1[N+](=O)[O-])OB1Oc3c(ccc(C)c3[N+](=O)[O-])N12,419.29016795381904,ONO,,,3.042683480273816
Clc1c(Br)ccc2c1OB1Oc3c(ccc(Br)c3Cl)N12,410.7059900276363,ONO,,,2.170710415886217
Clc1cc2c(c(Cl)c1Br)OB1Oc3c(cc(Cl)c(Br)c3Cl)N12,437.84906747192144,ONO,,,2.5530583106029776
Clc1cc2c(cc1Br)OB1Oc3cc(Br)c(Cl)cc3N12,411.18860947713256,ONO,416.446102399379,183.06521999948012,2.23744728234574
Clc1ccc2c(c1Br)OB1Oc3c(ccc(Cl)c3Br)N12,409.5875006914139,ONO,,,2.1568944178659613
FC(F)(F)c1cc2c(c(C(F)(F)F)c1C(F)(F)F)OB1Oc3c(cc(C(F)(F)F)c(C(F)(F)F)c3C(F)(F)F)N12,479.68620312027633,ONO,,,3.746437499059104
FC(F)(F)c1cc2c(c(C(F)(F)F)c1Cl)OB1Oc3c(cc(C(F)(F)F)c(Cl)c3C(F)(F)F)N12,475.35336639359593,ONO,,,3.062443920169218
FC(F)(F)c1ccc2c(c1)OB1Oc3cc(C(F)(F)F)ccc3N12,393.126428341493,ONO,,,2.2930497958581912
FC(F)(F)c1ccc2c(c1C(F)(F)F)OB1Oc3c(ccc(C(F)(F)F)c3C(F)(F)F)N12,439.4347645742818,ONO,444.4179164012894,,3.050707988825734
FC(F)(F)c1ccc2c(c1Cl)OB1Oc3c(ccc(C(F)(F)F)c3Cl)N12,424.9353346992284,ONO,,,2.691189764793526
FC(F)(F)c1cccc2c1OB1Oc3c(cccc3C(F)(F)F)N12,392.1984715508297,ONO,,,2.086555445192868
Fc1c(Br)c(Cl)cc2c1OB1Oc3c(cc(Cl)c(Br)c3F)N12,429.3017515689135,ONO,434.3833203986287,,2.4040252099224944
Fc1c(Br)cc2c(c1Br)OB1Oc3c(cc(Br)c(F)c3Br)N12,433.6949748024344,ONO,,,2.272852738886613
Fc1c(Br)ccc2c1OB1Oc3c(ccc(Br)c3F)N12,400.7833846136928,ONO,406.1419383995235,,2.0227757060515468
Fc1c(C(F)(F)F)cc2c(c1Br)OB1Oc3c(cc(C(F)(F)F)c(F)c3Br)N12,450.3949939236045,ONO,,,2.473807094806813
Fc1c(Cl)cc2c(c1Cl)OB1Oc3c(cc(Cl)c(F)c3Cl)N12,433.9616468548775,ONO,,,2.3026014136065864
Fc1c(Cl)ccc2c1OB1Oc3c(ccc(Cl)c3F)N12,399.8330323081464,ONO,,,2.015400775202431
Fc1cc(Br)cc2c1OB1Oc3c(F)cc(Br)cc3N12,401.7366774789989,ONO,,,2.127660830524195
Fc1cc(F)c2c(c1)N1B(O2)Oc2c(F)cc(F)cc21,381.9184567919001,ONO,387.4602363994345,,2.012586539468948
Fc1cc2c(c(F)c1C(F)(F)F)OB1Oc3c(cc(F)c(C(F)(F)F)c3F)N12,431.33026553783566,ONO,,,2.887604355376995
Fc1cc2c(c(F)c1Cl)OB1Oc3c(cc(F)c(Cl)c3F)N12,415.6316647017375,ONO,420.8460044013336,,2.343119919573477
Fc1cc2c(cc1F)N1B(O2)Oc2cc(F)c(F)cc21,384.2285293983296,ONO,389.7478724000976,,1.8628929257476443
Fc1ccc2c(c1)N1B(O2)Oc2ccc(F)cc21,357.2106988178566,ONO,,,1.784722900732063
Fc1ccc2c(c1)OB1Oc3cc(F)ccc3N12,365.2610311591998,ONO,,,1.5226361425720814
Fc1cccc2c1OB1Oc3c(F)cccc3N12,360.34686930757016,ONO,,,1.6505589794448992
N#Cc1c(Br)c(C(F)(F)F)cc2c1OB1Oc3c(cc(C(F)(F)F)c(Br)c3C#N)N12,495.18497713282704,ONO,,,3.763860527251493
N#Cc1c(Br)c(O)cc2c1OB1Oc3c(cc(O)c(Br)c3C#N)N12,467.0511671938002,ONO,471.7660943977535,166.52945399855523,3.1706780630444067
N#Cc1c(F)c(Cl)cc2c1OB1Oc3c(cc(Cl)c(F)c3C#N)N12,478.5528534492478,ONO,,,3.428720681684516
N#Cc1c(F)cc2c(c1C(F)(F)F)OB1Oc3c(cc(F)c(C#N)c3C(F)(F)F)N12,481.6965748779476,ONO,,,4.2604124485704045
N#Cc1c(F)cc2c(c1Cl)OB1Oc3c(cc(F)c(C#N)c3Cl)N12,467.6758262012154,ONO,472.38468640111387,,3.850373469591843
N#Cc1c(N)c(Br)cc2c1OB1Oc3c(cc(Br)c(N)c3C#N)N12,437.59536538645625,ONO,442.5963823981583,185.2270159994077,2.452532032696684
N#Cc1c(N)c(O)cc2c1OB1Oc3c(cc(O)c(N)c3C#N)N12,416.4074212452397,ONO,421.6142263999209,179.28892800046015,2.3410651263604576
N#Cc1c(N)cc2c(c1Cl)OB1Oc3c(cc(N)c(C#N)c3Cl)N12,421.9299508761615,ONO,427.0831184005365,186.75867600018137,3.0024148504018062
N#Cc1c(N)cc2c(c1O)OB1Oc3c(cc(N)c(C#N)c3O)N12,392.2568364208564,ONO,397.69820440001786,184.5109240000511,2.441181459765187
N#Cc1c(O)c(C(F)(F)F)cc2c1OB1Oc3c(cc(C(F)(F)F)c(O)c3C#N)N12,472.8539164606482,ONO,477.51248440053314,,3.168130953831748
N#Cc1c([N+](=O)[O-])cc2c(c1Br)OB1Oc3c(cc([N+](=O)[O-])c(C#N)c3Br)N12,521.3218316286802,ONO,,,5.101816522002965
N#Cc1c([N+](=O)[O-])cc2c(c1C#N)OB1Oc3c(cc([N+](=O)[O-])c(C#N)c3C#N)N12,564.1994530027732,ONO,,,5.9719492858145165
N#Cc1c([N+](=O)[O-])ccc2c1OB1Oc3c(ccc([N+](=O)[O-])c3C#N)N12,499.323789395392,ONO,,,5.247378547265098
N#Cc1cc(Br)c2c(c1)N1B(O2)Oc2c(Br)cc(C#N)cc21,458.4867855384946,ONO,463.2848943956196,187.37609799900383,2.9703186128865022
N#Cc1cc(F)cc2c1OB1Oc3c(C#N)cc(F)cc3N12,442.9660623427481,ONO,,,3.2298431848070703
N#Cc1cc(O)cc2c1OB1Oc3c(C#N)cc(O)cc3N12,420.64077776670456,ONO,425.806466399692,186.40627200024937,2.8339721748841478
N#Cc1cc2c(c(Br)c1F)OB1Oc3c(cc(C#N)c(F)c3Br)N12,478.9569966942072,ONO,,,3.215428622329396
N#Cc1cc2c(c(Cl)c1Br)OB1Oc3c(cc(C#N)c(Br)c3Cl)N12,480.2226453237236,ONO,,,3.206645039029391
N#Cc1cc2c(c(F)c1C(F)(F)F)OB1Oc3c(cc(C#N)c(C(F)(F)F)c3F)N12,491.785715771839,ONO,496.26040840055794,,3.7856391656316006
N#Cc1cc2c(c(N)c1N)OB1Oc3c(cc(C#N)c(N)c3N)N12,404.22651808615774,ONO,,,1.8064262974292205
N#Cc1cc2c(cc1Br)N1B(O2)Oc2cc(C#N)c(Br)cc21,449.6061361320317,ONO,,,3.4736986429196755
N#Cc1ccc2c(c1)N1B(O2)Oc2ccc(C#N)cc21,423.73984731547534,ONO,,,2.5577149250818567
N#Cc1ccc2c(c1O)OB1Oc3c(ccc(C#N)c3O)N12,420.4128843499348,ONO,,,2.883975531393666
N#Cc1cccc2c1OB1Oc3c(C#N)cccc3N12,422.3564082477242,ONO,,,2.76087544259847
Nc1c(Br)c(Br)cc2c1OB1Oc3c(cc(Br)c(Br)c3N)N12,396.2897359989584,ONO,401.6919343955815,185.4650200031756,1.7683265435832254
Nc1c(Br)cc2c(c1C(F)(F)F)OB1Oc3c(cc(Br)c(N)c3C(F)(F)F)N12,419.0511686690152,ONO,,,1.809623154194028
Nc1c(F)c([N+](=O)[O-])cc2c1OB1Oc3c(cc([N+](=O)[O-])c(F)c3N)N12,442.065909598954,ONO,,,3.197423962778298
Nc1c(O)cc2c(c1F)OB1Oc3c(cc(O)c(N)c3F)N12,347.6415277356282,ONO,353.5162224005908,,1.2550774348358933
Nc1c([N+](=O)[O-])cc2c(c1[N+](=O)[O-])OB1Oc3c(cc([N+](=O)[O-])c(N)c3[N+](=O)[O-])N12,499.0737892668694,ONO,,,4.533845085532708
Nc1cc(Cl)cc2c1OB1Oc3c(N)cc(Cl)cc3N12,364.67228111997247,ONO,,,1.5302156716391984
Nc1cc(F)cc2c1OB1Oc3c(N)cc(F)cc3N12,347.88325753994286,ONO,,,1.4054144855675703
Nc1cc([N+](=O)[O-])cc2c1OB1Oc3c(N)cc([N+](=O)[O-])cc3N12,420.3043986819685,ONO,425.4733544001356,189.84308199983388,3.0681183038005893
Nc1cc2c(c(C(F)(F)F)c1F)OB1Oc3c(cc(N)c(F)c3C(F)(F)F)N12,393.2496693218127,ONO,,,1.9660666798079995
Nc1cc2c(c(Cl)c1C(F)(F)F)OB1Oc3c(cc(N)c(C(F)(F)F)c3Cl)N12,398.15158321522176,ONO,,,2.3346352707009106
Nc1cc2c(c(F)c1C(F)(F)F)OB1Oc3c(cc(N)c(C(F)(F)F)c3F)N12,384.6777787376195,ONO,390.1927583999932,,2.139806940931661
Nc1cc2c(c(N)c1F)OB1Oc3c(cc(N)c(F)c3N)N12,331.0223477659747,ONO,,,0.9989116547889736
Nc1cc2c(c(N)c1[N+](=O)[O-])OB1Oc3c(cc(N)c([N+](=O)[O-])c3N)N12,385.2290287595242,ONO,,,2.915622064523786
Nc1cc2c(c(O)c1N)OB1Oc3c(cc(N)c(N)c3O)N12,336.0932651069015,ONO,,,0.8299317431828497
Nc1cc2c(c([N+](=O)[O-])c1C(F)(F)F)OB1Oc3c(cc(N)c(C(F)(F)F)c3[N+](=O)[O-])N12,447.0690102716908,ONO,451.97801440022886,,3.2903887745228686
Nc1cc2c(cc1C(F)(F)F)N1B(O2)Oc2cc(N)c(C(F)(F)F)cc21,379.1614715429023,ONO,,,1.422192712487168
Nc1cc2c(cc1Cl)OB1Oc3cc(Cl)c(N)cc3N12,355.0081036873162,ONO,360.8112504007295,182.63062999967588,1.580434589188109
Nc1ccc2c(c1)N1B(O2)Oc2ccc(N)cc21,316.15976395457983,ONO,,,1.228575439390857
Nc1ccc2c(c1)OB1Oc3cc(N)ccc3N12,324.53554017469287,ONO,,,0.9094404386977633
Nc1ccc2c(c1Cl)OB1Oc3c(ccc(N)c3Cl)N12,362.2638310212642,ONO,,,1.1620083123369331
Nc1ccc2c(c1F)OB1Oc3c(ccc(N)c3F)N12,349.51568854413927,ONO,,,1.022554131031267
Nc1ccc2c(c1O)OB1Oc3c(ccc(N)c3O)N12,332.13544695451856,ONO,,,0.9982417053756456
Nc1cccc2c1OB1Oc3c(N)cccc3N12,327.40731754433364,ONO,,,1.1248105569006912
O=[N+]([O-])c1c(Br)c(F)cc2c1OB1Oc3c(cc(F)c(Br)c3[N+](=O)[O-])N12,470.7414127402008,ONO,,,3.7515719806721246
O=[N+]([O-])c1c(Cl)c(Cl)cc2c1OB1Oc3c(cc(Cl)c(Cl)c3[N+](=O)[O-])N12,482.7018789034337,ONO,,,3.794156827152304
O=[N+]([O-])c1c(Cl)cc2c(c1Br)OB1Oc3c(cc(Cl)c([N+](=O)[O-])c3Br)N12,476.5952279865742,ONO,481.2174583971501,186.76938799981144,3.712787447407932
O=[N+]([O-])c1c(F)cc2c(c1C(F)(F)F)OB1Oc3c(cc(F)c([N+](=O)[O-])c3C(F)(F)F)N12,487.329716832377,ONO,,,4.350242038779422
O=[N+]([O-])c1c(O)cc2c(c1Br)OB1Oc3c(cc(O)c([N+](=O)[O-])c3Br)N12,446.6690415740013,ONO,,,3.387457494014358
O=[N+]([O-])c1c2c(cc(Cl)c1C(F)(F)F)N1B(O2)Oc2c1cc(Cl)c(C(F)(F)F)c2[N+](=O)[O-],496.4820267446339,ONO,500.9111064011231,,3.952117725867874
O=[N+]([O-])c1cc(C(F)(F)F)cc2c1OB1Oc3c(cc(C(F)(F)F)cc3[N+](=O)[O-])N12,483.25992897246033,ONO,487.81742840074,,4.203466251389578
O=[N+]([O-])c1cc2c(c(C(F)(F)F)c1)OB1Oc3c(cc([N+](=O)[O-])cc3C(F)(F)F)N12,484.071024749428,ONO,488.6206464013085,,4.159459575020925
O=[N+]([O-])c1cc2c(c(Cl)c1Cl)OB1Oc3c(cc([N+](=O)[O-])c(Cl)c3Cl)N12,486.2161371782422,ONO,,,3.820616385499626
O=[N+]([O-])c1cc2c(c(F)c1Br)OB1Oc3c(cc([N+](=O)[O-])c(Br)c3F)N12,478.9567866548896,ONO,483.55608040094376,,3.791661212950337
O=[N+]([O-])c1cc2c(c([N+](=O)[O-])c1[N+](=O)[O-])OB1Oc3c(cc([N+](=O)[O-])c([N+](=O)[O-])c3[N+](=O)[O-])N12,571.8716634325683,ONO,,,5.720276284417407
O=[N+]([O-])c1cc2c(cc1Br)OB1Oc3cc(Br)c([N+](=O)[O-])cc3N12,462.8486602976918,ONO,467.6044043973088,188.5219699999652,3.511372852811079
O=[N+]([O-])c1cc2c(cc1O)N1B(O2)Oc2cc([N+](=O)[O-])c(O)cc21,430.7390028918162,ONO,,,4.290892667620282
O=[N+]([O-])c1ccc2c(c1)OB1Oc3cc([N+](=O)[O-])ccc3N12,429.78928070515394,ONO,,,3.9239638604627167
O=[N+]([O-])c1cccc2c1OB1Oc3c(cccc3[N+](=O)[O-])N12,431.1391291217879,ONO,,,3.468255622930887
Oc1c(Br)cc2c(c1F)OB1Oc3c(cc(Br)c(O)c3F)N12,403.2549517415464,ONO,,,1.6658134083538358
Oc1c(Cl)c(Br)cc2c1OB1Oc3c(cc(Br)c(Cl)c3O)N12,415.1209786571562,ONO,420.34027840197086,181.26406999981555,2.0640072300892016
Oc1c(Cl)c(Cl)cc2c1OB1Oc3c(cc(Cl)c(Cl)c3O)N12,429.66837642062455,ONO,,,2.0720686310296137
Oc1c(F)c(F)cc2c1OB1Oc3c(cc(F)c(F)c3O)N12,404.78028858918697,ONO,,,1.7175451605814982
Oc1c(F)cc2c(c1Br)OB1Oc3c(cc(F)c(O)c3Br)N12,396.8241828233004,ONO,,,1.751147311304424
Oc1c(F)cc2c(c1O)OB1Oc3c(cc(F)c(O)c3O)N12,382.8050094442442,ONO,,,1.291379779660696
Oc1cc(Br)c2c(c1)N1B(O2)Oc2c(Br)cc(O)cc21,371.5334745384753,ONO,,,1.8515487833574864
Oc1cc(Cl)c2c(c1)N1B(O2)Oc2c(Cl)cc(O)cc21,372.821965014562,ONO,378.4520944003016,183.70515800020257,1.8701905264002416
Oc1cc(Cl)cc2c1OB1Oc3c(O)cc(Cl)cc3N12,371.3928002361208,ONO,,,1.8289600459963853
Oc1cc2c(c(Cl)c1O)OB1Oc3c(cc(O)c(O)c3Cl)N12,368.4901784900576,ONO,374.16238040011376,192.10573200025465,1.4631416493678746
Oc1cc2c(c(O)c1C(F)(F)F)OB1Oc3c(cc(O)c(C(F)(F)F)c3O)N12,395.2522170878947,ONO,,,2.097644839547684
Oc1cc2c(c(O)c1F)OB1Oc3c(cc(O)c(F)c3O)N12,375.9978488218039,ONO,381.59713239967823,,1.436452712126618
Oc1cc2c(cc1C(F)(F)F)OB1Oc3cc(C(F)(F)F)c(O)cc3N12,374.65548307914287,ONO,,,2.2653940159051684
Oc1cc2c(cc1Cl)N1B(O2)Oc2cc(O)c(Cl)cc21,378.4557108338922,ONO,,,1.5514322599516877
Oc1cc2c(cc1Cl)OB1Oc3cc(Cl)c(O)cc3N12,358.92261946573853,ONO,364.68774639908224,196.30753999986155,1.829186103104412
Oc1ccc2c(c1)N1B(O2)Oc2ccc(O)cc21,331.10349935106933,ONO,,,1.4366710061606789
Oc1ccc2c(c1)OB1Oc3cc(O)ccc3N12,340.49760207906365,ONO,,,1.1366707994240135
Oc1cccc2c1OB1Oc3c(O)cccc3N12,370.9847870031372,ONO,,,1.3408351137204857
c1ccc2c(c1)OB1Oc3ccccc3N12,335.03981728293,ONO,341.0421088002622,180.68374220006265,1.420107489507594
Brc1cc(Br)cc(B(c2cc(Br)cc(Br)c2)c2cc(Br)cc(Br)c2)c1,432.4827813655138,triarylboranes,,,4.18117777155086
Brc1ccc(B(c2ccc(Br)cc2)c2ccc(Br)cc2)cc1,374.4726432450116,triarylboranes,,,3.4334717858807786
CC(C)(C)c1c(C#N)c(C#N)c(B(c2c(C#N)c(C#N)c(C(C)(C)C)c(C#N)c2C#N)c2c(C#N)c(C#N)c(C(C)(C)C)c(C#N)c2C#N)c(C#N)c1C#N,566.4394510090351,triarylboranes,,,7.376128564020659
CC(C)(C)c1c(C(F)(F)F)cc(B(c2cc(C(F)(F)F)c(C(C)(C)C)c(C(F)(F)F)c2)c2cc(C(F)(F)F)c(C(C)(C)C)c(C(F)(F)F)c2)cc1C(F)(F)F,431.7189445849508,triarylboranes,,,4.290286461311451
CC(C)(C)c1c(N)c(C(C)(C)C)c([N+](=O)[O-])c(B(c2c([N+](=O)[O-])c(C(C)(C)C)c(N)c(C(C)(C)C)c2[N+](=O)[O-])c2c([N+](=O)[O-])c(C(C)(C)C)c(N)c(C(C)(C)C)c2[N+](=O)[O-])c1[N+](=O)[O-],314.9013827126473,triarylboranes,,,2.894494715981763
CC(C)(C)c1c(N)cc(B(c2cc(N)c(C(C)(C)C)c(N)c2)c2cc(N)c(C(C)(C)C)c(N)c2)cc1N,314.5743241524324,triarylboranes,,,2.068818760598358
CC(C)(C)c1cc(B(c2cc(C(C)(C)C)c(Cl)c(C(C)(C)C)c2)c2cc(C(C)(C)C)c(Cl)c(C(C)(C)C)c2)cc(C(C)(C)C)c1Cl,363.39985870197415,triarylboranes,,,3.03711805231028
CC(C)(C)c1cc(B(c2cc(C(C)(C)C)c(N)c(C(C)(C)C)c2)c2cc(C(C)(C)C)c(N)c(C(C)(C)C)c2)cc(C(C)(C)C)c1N,280.01326346583664,triarylboranes,,,1.6887897746557057
CC(C)(C)c1cc(B(c2cc(C(C)(C)C)cc(C(C)(C)C)c2)c2cc(C(C)(C)C)cc(C(C)(C)C)c2)cc(C(C)(C)C)c1,320.07981428783387,triarylboranes,,,2.508769399057831
CC(C)(C)c1ccc(B(c2ccc(C(C)(C)C)cc2)c2ccc(C(C)(C)C)cc2)cc1,314.8481113128364,triarylboranes,,,2.557167627100382
CN(C)c1c(C#N)cc(B(c2cc(C#N)c(N(C)C)c(C#N)c2)c2cc(C#N)c(N(C)C)c(C#N)c2)cc1C#N,440.5237432932481,triarylboranes,,,3.940918029330886
CN(C)c1c(C(C)(C)C)cc(B(c2cc(C(C)(C)C)c(N(C)C)c(C(C)(C)C)c2)c2cc(C(C)(C)C)c(N(C)C)c(C(C)(C)C)c2)cc1C(C)(C)C,339.0373960118741,triarylboranes,,,2.3282321505650616
CN(C)c1c(C(F)(F)F)c(C(F)(F)F)c(B(c2c(C(F)(F)F)c(C(F)(F)F)c(N(C)C)c(C(F)(F)F)c2C(F)(F)F)c2c(C(F)(F)F)c(C(F)(F)F)c(N(C)C)c(C(F)(F)F)c2C(F)(F)F)c(C(F)(F)F)c1C(F)(F)F,356.957406308502,triarylboranes,,,4.161397065487293
CN(C)c1c(Cl)cc(B(c2cc(Cl)c(N(C)C)c(Cl)c2)c2cc(Cl)c(N(C)C)c(Cl)c2)cc1Cl,407.28806135989726,triarylboranes,,,3.2160966607121977
CN(C)c1c(F)cc(B(c2cc(F)c(N(C)C)c(F)c2)c2cc(F)c(N(C)C)c(F)c2)cc1F,365.9036932243034,triarylboranes,,,2.857906033992774
CN(C)c1c(N)c(B(c2c(N)c(N(C)C)c(F)c(N(C)C)c2N)c2c(N)c(N(C)C)c(F)c(N(C)C)c2N)c(N)c(N(C)C)c1F,333.19536926131696,triarylboranes,,,1.8890814860047065
CN(C)c1c(N)cc(B(c2cc(N)c(N(C)C)c(N)c2)c2cc(N)c(N(C)C)c(N)c2)cc1N,288.136508573778,triarylboranes,,,1.7972064593264234
CN(C)c1c(O)cc(B(c2cc(O)c(N(C)C)c(O)c2)c2cc(O)c(N(C)C)c(O)c2)cc1O,341.1441761367023,triarylboranes,,,2.357689800796208
CN(C)c1c([N+](=O)[O-])cc(B(c2cc([N+](=O)[O-])c(N(C)C)c([N+](=O)[O-])c2)c2cc([N+](=O)[O-])c(N(C)C)c([N+](=O)[O-])c2)cc1[N+](=O)[O-],478.5001596612856,triarylboranes,,,4.26297451563412
CN(C)c1cc(B(c2cc(N(C)C)c(Br)c(N(C)C)c2)c2cc(N(C)C)c(Br)c(N(C)C)c2)cc(N(C)C)c1Br,384.1607914939523,triarylboranes,,,2.910579137085951
CN(C)c1cc(B(c2cc(N(C)C)c(C(F)(F)F)c(N(C)C)c2)c2cc(N(C)C)c(C(F)(F)F)c(N(C)C)c2)cc(N(C)C)c1C(F)(F)F,419.2040778025985,triarylboranes,,,3.2347405651450005
CN(C)c1cc(B(c2cc(N(C)C)c(N(C)C)c(N(C)C)c2)c2cc(N(C)C)c(N(C)C)c(N(C)C)c2)cc(N(C)C)c1N(C)C,308.82332349475473,triarylboranes,,,1.9392562043224864
CN(C)c1cc(B(c2cc(N(C)C)c(O)c(N(C)C)c2)c2cc(N(C)C)c(O)c(N(C)C)c2)cc(N(C)C)c1O,264.2020549252629,triarylboranes,,,1.951793407441185
CN(C)c1cc(B(c2cc(N(C)C)c([N+](=O)[O-])c(N(C)C)c2)c2cc(N(C)C)c([N+](=O)[O-])c(N(C)C)c2)cc(N(C)C)c1[N+](=O)[O-],413.3236662391573,triarylboranes,,,3.684469396185768
CN(C)c1cc(B(c2cc(N(C)C)cc(N(C)C)c2)c2cc(N(C)C)cc(N(C)C)c2)cc(N(C)C)c1,291.80829685833305,triarylboranes,,,1.7063210847873032
CN(C)c1cc(C(F)(F)F)c(B(c2c(C(F)(F)F)cc(N(C)C)cc2C(F)(F)F)c2c(C(F)(F)F)cc(N(C)C)cc2C(F)(F)F)c(C(F)(F)F)c1,287.1782272551209,triarylboranes,,,2.391428452783045
CN(C)c1ccc(B(c2ccc(N(C)C)cc2)c2ccc(N(C)C)cc2)cc1,273.30132973380387,triarylboranes,,,1.550469512274743
COc1c(B(c2c(OC)c(C(C)(C)C)c(C)c(C(C)(C)C)c2OC)c2c(OC)c(C(C)(C)C)c(C)c(C(C)(C)C)c2OC)c(OC)c(C(C)(C)C)c(C)c1C(C)(C)C,237.0565620232373,triarylboranes,,,1.8332108560038076
COc1c(B(c2c(OC)c(N(C)C)c(C)c(N(C)C)c2OC)c2c(OC)c(N(C)C)c(C)c(N(C)C)c2OC)c(OC)c(N(C)C)c(C)c1N(C)C,297.86545709427446,triarylboranes,,,1.5860939933226996
COc1c(Br)c(C)c(Br)c(OC)c1B(c1c(OC)c(Br)c(C)c(Br)c1OC)c1c(OC)c(Br)c(C)c(Br)c1OC,341.7767378985882,triarylboranes,,,3.396353366218783
COc1c(Br)c(Cl)c(B(c2c(Cl)c(Br)c(OC)c(Br)c2Cl)c2c(Cl)c(Br)c(OC)c(Br)c2Cl)c(Cl)c1Br,396.599545031786,triarylboranes,,,3.96749484943474
COc1c(Br)cc(B(c2cc(Br)c(OC)c(Br)c2)c2cc(Br)c(OC)c(Br)c2)cc1Br,418.622765801847,triarylboranes,,,3.846647012045112
COc1c(C#N)c(C)c(C#N)c(OC)c1B(c1c(OC)c(C#N)c(C)c(C#N)c1OC)c1c(OC)c(C#N)c(C)c(C#N)c1OC,460.68075852748007,triarylboranes,,,4.145569317827491
COc1c(C#N)cc(B(c2cc(C#N)c(OC)c(C#N)c2)c2cc(C#N)c(OC)c(C#N)c2)cc1C#N,486.401970082894,triarylboranes,,,4.901416488899815
COc1c(C(F)(F)F)cc(B(c2cc(C(F)(F)F)c(OC)c(C(F)(F)F)c2)c2cc(C(F)(F)F)c(OC)c(C(F)(F)F)c2)cc1C(F)(F)F,437.48000090941787,triarylboranes,,,4.330221178137448
COc1c(C)c(OC)c(C)c(B(c2c(C)c(OC)c(C)c(OC)c2C)c2c(C)c(OC)c(C)c(OC)c2C)c1C,297.0874426206574,triarylboranes,,,2.627409705986491
COc1c(C)c(OC)c(OC)c(B(c2c(OC)c(OC)c(C)c(OC)c2OC)c2c(OC)c(OC)c(C)c(OC)c2OC)c1OC,326.9385922458023,triarylboranes,,,2.0252688845396496
COc1c(C)cc(B(c2cc(C)c(OC)c(C)c2)c2cc(C)c(OC)c(C)c2)cc1C,310.8448011185974,triarylboranes,,,2.390719853901328
COc1c(Cl)c(C)c(Cl)c(OC)c1B(c1c(OC)c(Cl)c(C)c(Cl)c1OC)c1c(OC)c(Cl)c(C)c(Cl)c1OC,368.2683762311936,triarylboranes,,,3.030878310186207
COc1c(Cl)c(OC)c([N+](=O)[O-])c(B(c2c([N+](=O)[O-])c(OC)c(Cl)c(OC)c2[N+](=O)[O-])c2c([N+](=O)[O-])c(OC)c(Cl)c(OC)c2[N+](=O)[O-])c1[N+](=O)[O-],420.8916705660522,triarylboranes,,,6.208662059364845
COc1c(Cl)cc(B(c2cc(Cl)c(OC)c(Cl)c2)c2cc(Cl)c(OC)c(Cl)c2)cc1Cl,416.9773123171181,triarylboranes,,,3.892070179494429
COc1c(F)c(C)c(F)c(OC)c1B(c1c(OC)c(F)c(C)c(F)c1OC)c1c(OC)c(F)c(C)c(F)c1OC,350.940311207436,triarylboranes,,,2.7404422513163667
COc1c(F)cc(B(c2cc(F)c(OC)c(F)c2)c2cc(F)c(OC)c(F)c2)cc1F,386.756360991858,triarylboranes,,,3.245537026515448
COc1c(N(C)C)cc(B(c2cc(N(C)C)c(OC)c(N(C)C)c2)c2cc(N(C)C)c(OC)c(N(C)C)c2)cc1N(C)C,316.21996142249554,triarylboranes,,,2.1188908238520767
COc1c(N)c(C)c(N)c(OC)c1B(c1c(OC)c(N)c(C)c(N)c1OC)c1c(OC)c(N)c(C)c(N)c1OC,277.1437230221927,triarylboranes,,,1.4692208810887188
COc1c(N)c(OC)c(F)c(B(c2c(F)c(OC)c(N)c(OC)c2F)c2c(F)c(OC)c(N)c(OC)c2F)c1F,330.4323453614488,triarylboranes,,,2.334691970124182
COc1c(N)cc(B(c2cc(N)c(OC)c(N)c2)c2cc(N)c(OC)c(N)c2)cc1N,284.1687476513908,triarylboranes,,,1.8729420285396383
COc1c(O)c(C)c(O)c(OC)c1B(c1c(OC)c(O)c(C)c(O)c1OC)c1c(OC)c(O)c(C)c(O)c1OC,294.07139926496893,triarylboranes,,,2.219421533004071
COc1cc(B(c2cc(OC)c(Br)c(OC)c2)c2cc(OC)c(Br)c(OC)c2)cc(OC)c1Br,384.2766023091972,triarylboranes,,,3.325220104860142
COc1cc(B(c2cc(OC)c(C(C)(C)C)c(OC)c2)c2cc(OC)c(C(C)(C)C)c(OC)c2)cc(OC)c1C(C)(C)C,353.6278782328591,triarylboranes,,,2.692190677718793
COc1cc(B(c2cc(OC)c(C(F)(F)F)c(OC)c2)c2cc(OC)c(C(F)(F)F)c(OC)c2)cc(OC)c1C(F)(F)F,425.7084132339805,triarylboranes,,,3.982580066607337
COc1cc(B(c2cc(OC)c(Cl)c(OC)c2)c2cc(OC)c(Cl)c(OC)c2)cc(OC)c1Cl,376.19623161666095,triarylboranes,,,3.3321603969142117
COc1cc(B(c2cc(OC)c(N)c(OC)c2)c2cc(OC)c(N)c(OC)c2)cc(OC)c1N,295.25098399538547,triarylboranes,,,1.8687328106567684
COc1cc(B(c2cc(OC)c(OC)c(OC)c2)c2cc(OC)c(OC)c(OC)c2)cc(OC)c1OC,342.76334836613387,triarylboranes,,,2.4951560610575703
COc1cc(C)cc(OC)c1B(c1c(OC)cc(C)cc1OC)c1c(OC)cc(C)cc1OC,281.45718355476856,triarylboranes,,,1.739981311222389
COc1cc(Cl)c(B(c2c(Cl)cc(OC)cc2Cl)c2c(Cl)cc(OC)cc2Cl)c(Cl)c1,318.03972186520696,triarylboranes,,,2.849003639738544
COc1cc(OC)cc(B(c2cc(OC)cc(OC)c2)c2cc(OC)cc(OC)c2)c1,316.8409709855914,triarylboranes,,,2.2613137608995606
COc1ccc(B(c2ccc(OC)cc2)c2ccc(OC)cc2)cc1,290.14861316233873,triarylboranes,,,2.1834331108502703
Cc1c(B(c2c(C)c(C(C)(C)C)c(C)c(C(C)(C)C)c2C)c2c(C)c(C(C)(C)C)c(C)c(C(C)(C)C)c2C)c(C)c(C(C)(C)C)c(C)c1C(C)(C)C,260.100577278994,triarylboranes,,,2.191867736676723
Cc1c(B(c2c(C)c(C(F)(F)F)c(C)c(C(F)(F)F)c2C)c2c(C)c(C(F)(F)F)c(C)c(C(F)(F)F)c2C)c(C)c(C(F)(F)F)c(C)c1C(F)(F)F,388.7418167516589,triarylboranes,,,4.004490778980211
Cc1c(B(c2c(C)c(N(C)C)c(C)c(N(C)C)c2C)c2c(C)c(N(C)C)c(C)c(N(C)C)c2C)c(C)c(N(C)C)c(C)c1N(C)C,293.08174322079867,triarylboranes,,,1.9561994295263736
Cc1c(B(c2c(C)c([N+](=O)[O-])c(C)c([N+](=O)[O-])c2C)c2c(C)c([N+](=O)[O-])c(C)c([N+](=O)[O-])c2C)c(C)c([N+](=O)[O-])c(C)c1[N+](=O)[O-],472.1617558421567,triarylboranes,,,5.334676663185075
Cc1c(Br)c(C#N)c(B(c2c(C#N)c(Br)c(C)c(Br)c2C#N)c2c(C#N)c(Br)c(C)c(Br)c2C#N)c(C#N)c1Br,491.5670378655195,triarylboranes,,,5.75055988752644
Cc1c(Br)c(C(F)(F)F)c(B(c2c(C(F)(F)F)c(Br)c(C)c(Br)c2C(F)(F)F)c2c(C(F)(F)F)c(Br)c(C)c(Br)c2C(F)(F)F)c(C(F)(F)F)c1Br,382.15325528383255,triarylboranes,,,4.255693975033028
Cc1c(Br)c(C)c(B(c2c(C)c(Br)c(C)c(Br)c2C)c2c(C)c(Br)c(C)c(Br)c2C)c(C)c1Br,373.4515599608421,triarylboranes,,,3.3056961445883166
Cc1c(Br)c(Cl)c(B(c2c(Cl)c(Br)c(C)c(Br)c2Cl)c2c(Cl)c(Br)c(C)c(Br)c2Cl)c(Cl)c1Br,388.561838708818,triarylboranes,,,3.876907482060159
Cc1c(Br)c(F)c(B(c2c(F)c(Br)c(C)c(Br)c2F)c2c(F)c(Br)c(C)c(Br)c2F)c(F)c1Br,425.3618997260928,triarylboranes,,,4.353542444854476
Cc1c(Br)c(N(C)C)c(B(c2c(N(C)C)c(Br)c(C)c(Br)c2N(C)C)c2c(N(C)C)c(Br)c(C)c(Br)c2N(C)C)c(N(C)C)c1Br,276.6611823439598,triarylboranes,,,2.1794521084686767
Cc1c(Br)c(N)c(B(c2c(N)c(Br)c(C)c(Br)c2N)c2c(N)c(Br)c(C)c(Br)c2N)c(N)c1Br,371.65965607762337,triarylboranes,,,2.8446434698875653
Cc1c(Br)c(O)c(B(c2c(O)c(Br)c(C)c(Br)c2O)c2c(O)c(Br)c(C)c(Br)c2O)c(O)c1Br,402.43892001360655,triarylboranes,,,3.067314687213272
Cc1c(Br)c([N+](=O)[O-])c(B(c2c([N+](=O)[O-])c(Br)c(C)c(Br)c2[N+](=O)[O-])c2c([N+](=O)[O-])c(Br)c(C)c(Br)c2[N+](=O)[O-])c([N+](=O)[O-])c1Br,401.7465756163001,triarylboranes,,,6.573699385089142
Cc1c(Br)cc(B(c2cc(Br)c(C)c(Br)c2)c2cc(Br)c(C)c(Br)c2)cc1Br,413.39040645211935,triarylboranes,,,3.827335846900153
Cc1c(C#N)c(C#N)c(B(c2c(C#N)c(C#N)c(C)c(C#N)c2C#N)c2c(C#N)c(C#N)c(C)c(C#N)c2C#N)c(C#N)c1C#N,582.230837021023,triarylboranes,,,7.859674258385604
Cc1c(C#N)c(C)c(B(c2c(C)c(C#N)c(C)c(C#N)c2C)c2c(C)c(C#N)c(C)c(C#N)c2C)c(C)c1C#N,454.9440143350512,triarylboranes,,,5.109329841468608
Cc1c(C(C)(C)C)c(F)c(B(c2c(F)c(C(C)(C)C)c(C)c(C(C)(C)C)c2F)c2c(F)c(C(C)(C)C)c(C)c(C(C)(C)C)c2F)c(F)c1C(C)(C)C,357.8237426131964,triarylboranes,,,2.723935037969529
Cc1c(C(F)(F)F)c(C(F)(F)F)c(B(c2c(C(F)(F)F)c(C(F)(F)F)c(C)c(C(F)(F)F)c2C(F)(F)F)c2c(C(F)(F)F)c(C(F)(F)F)c(C)c(C(F)(F)F)c2C(F)(F)F)c(C(F)(F)F)c1C(F)(F)F,426.7994135841727,triarylboranes,,,4.783130850129723
Cc1c(C(F)(F)F)c(F)c(B(c2c(F)c(C(F)(F)F)c(C)c(C(F)(F)F)c2F)c2c(F)c(C(F)(F)F)c(C)c(C(F)(F)F)c2F)c(F)c1C(F)(F)F,450.60141074843705,triarylboranes,,,5.061093183232724
Cc1c(C(F)(F)F)c(N(C)C)c(B(c2c(N(C)C)c(C(F)(F)F)c(C)c(C(F)(F)F)c2N(C)C)c2c(N(C)C)c(C(F)(F)F)c(C)c(C(F)(F)F)c2N(C)C)c(N(C)C)c1C(F)(F)F,323.4524268209934,triarylboranes,,,2.8756304174679563
Cc1c(C(F)(F)F)cc(B(c2cc(C(F)(F)F)c(C)c(C(F)(F)F)c2)c2cc(C(F)(F)F)c(C)c(C(F)(F)F)c2)cc1C(F)(F)F,430.9618816040456,triarylboranes,,,4.372402290380729
Cc1c(C)c(B(c2c(C)c(C)c(F)c(C)c2C)c2c(C)c(C)c(F)c(C)c2C)c(C)c(C)c1F,305.85687583871186,triarylboranes,,,2.5600913440978603
Cc1c(C)c(F)c(B(c2c(F)c(C)c(C)c(C)c2F)c2c(F)c(C)c(C)c(C)c2F)c(F)c1C,324.95786238461733,triarylboranes,,,2.793771432701551
Cc1c(C)c(O)c(B(c2c(O)c(C)c(C)c(C)c2O)c2c(O)c(C)c(C)c(C)c2O)c(O)c1C,456.3277842160314,triarylboranes,,,2.3222663178211542
Cc1c(Cl)c(C#N)c(B(c2c(C#N)c(Cl)c(C)c(Cl)c2C#N)c2c(C#N)c(Cl)c(C)c(Cl)c2C#N)c(C#N)c1Cl,497.1784144174308,triarylboranes,,,5.932791701406202
Cc1c(Cl)c(C(F)(F)F)c(B(c2c(C(F)(F)F)c(Cl)c(C)c(Cl)c2C(F)(F)F)c2c(C(F)(F)F)c(Cl)c(C)c(Cl)c2C(F)(F)F)c(C(F)(F)F)c1Cl,347.8638813495636,triarylboranes,,,4.32262654939051
Cc1c(Cl)c(C)c(Cl)c(B(c2c(Cl)c(C)c(Cl)c(C)c2Cl)c2c(Cl)c(C)c(Cl)c(C)c2Cl)c1Cl,356.239673320204,triarylboranes,,,3.3701271167926503
Cc1c(Cl)c(N(C)C)c(B(c2c(N(C)C)c(Cl)c(C)c(Cl)c2N(C)C)c2c(N(C)C)c(Cl)c(C)c(Cl)c2N(C)C)c(N(C)C)c1Cl,276.0031532216817,triarylboranes,,,2.151982830860748
Cc1c(Cl)c([N+](=O)[O-])c(B(c2c([N+](=O)[O-])c(Cl)c(C)c(Cl)c2[N+](=O)[O-])c2c([N+](=O)[O-])c(Cl)c(C)c(Cl)c2[N+](=O)[O-])c([N+](=O)[O-])c1Cl,402.80110777542,triarylboranes,,,6.63343821347665
Cc1c(Cl)cc(B(c2cc(Cl)c(C)c(Cl)c2)c2cc(Cl)c(C)c(Cl)c2)cc1Cl,410.0894175618887,triarylboranes,,,3.855323719708236
Cc1c(F)c(C)c(B(c2c(C)c(F)c(C)c(F)c2C)c2c(C)c(F)c(C)c(F)c2C)c(C)c1F,347.33103608340025,triarylboranes,,,3.2756703077129328
Cc1c(F)c(F)c(B(c2c(F)c(F)c(C)c(F)c2F)c2c(F)c(F)c(C)c(F)c2F)c(F)c1F,402.7311381921172,triarylboranes,,,4.149105043335876
Cc1c(F)c([N+](=O)[O-])c(B(c2c([N+](=O)[O-])c(F)c(C)c(F)c2[N+](=O)[O-])c2c([N+](=O)[O-])c(F)c(C)c(F)c2[N+](=O)[O-])c([N+](=O)[O-])c1F,386.6193886473775,triarylboranes,,,6.303253552074231
Cc1c(F)cc(B(c2cc(F)c(C)c(F)c2)c2cc(F)c(C)c(F)c2)cc1F,379.3977665612474,triarylboranes,,,3.4873546507882383
Cc1c(N(C)C)c(C#N)c(B(c2c(C#N)c(N(C)C)c(C)c(N(C)C)c2C#N)c2c(C#N)c(N(C)C)c(C)c(N(C)C)c2C#N)c(C#N)c1N(C)C,416.8989148819819,triarylboranes,,,3.3354256194554046
Cc1c(N)c(C#N)c(B(c2c(C#N)c(N)c(C)c(N)c2C#N)c2c(C#N)c(N)c(C)c(N)c2C#N)c(C#N)c1N,403.5241967830807,triarylboranes,,,3.834664585388872
Cc1c(N)c(C(F)(F)F)c(B(c2c(C(F)(F)F)c(N)c(C)c(N)c2C(F)(F)F)c2c(C(F)(F)F)c(N)c(C)c(N)c2C(F)(F)F)c(C(F)(F)F)c1N,289.8407995197922,triarylboranes,,,2.580627426586303
Cc1c(N)c(C)c(B(c2c(C)c(N)c(C)c(N)c2C)c2c(C)c(N)c(C)c(N)c2C)c(C)c1N,271.0962508805096,triarylboranes,,,1.6969202770383012
Cc1c(N)c(Cl)c(B(c2c(Cl)c(N)c(C)c(N)c2Cl)c2c(Cl)c(N)c(C)c(N)c2Cl)c(Cl)c1N,302.8431691788137,triarylboranes,,,2.332875061200842
Cc1c(N)c(N)c(B(c2c(N)c(N)c(C)c(N)c2N)c2c(N)c(N)c(C)c(N)c2N)c(N)c1N,352.4582704035565,triarylboranes,,,1.6915504075622307
Cc1c(N)c([N+](=O)[O-])c(B(c2c([N+](=O)[O-])c(N)c(C)c(N)c2[N+](=O)[O-])c2c([N+](=O)[O-])c(N)c(C)c(N)c2[N+](=O)[O-])c([N+](=O)[O-])c1N,244.1502172285691,triarylboranes,,,3.8041026554945487
Cc1c(N)cc(B(c2cc(N)c(C)c(N)c2)c2cc(N)c(C)c(N)c2)cc1N,287.9776395568624,triarylboranes,,,1.8813706979694809
Cc1c(O)c(C#N)c(B(c2c(C#N)c(O)c(C)c(O)c2C#N)c2c(C#N)c(O)c(C)c(O)c2C#N)c(C#N)c1O,450.26427026838064,triarylboranes,,,5.224208492267928
Cc1c(O)c(C)c(B(c2c(C)c(O)c(C)c(O)c2C)c2c(C)c(O)c(C)c(O)c2C)c(C)c1O,318.326689039357,triarylboranes,,,2.312288274110361
Cc1c(O)c(F)c(B(c2c(F)c(O)c(C)c(O)c2F)c2c(F)c(O)c(C)c(O)c2F)c(F)c1O,363.6211883686483,triarylboranes,,,3.234330305788094
Cc1c(O)c(N(C)C)c(B(c2c(N(C)C)c(O)c(C)c(O)c2N(C)C)c2c(N(C)C)c(O)c(C)c(O)c2N(C)C)c(N(C)C)c1O,184.06890077143908,triarylboranes,,,1.249138365296628
Cc1c(O)c(N)c(B(c2c(N)c(O)c(C)c(O)c2N)c2c(N)c(O)c(C)c(O)c2N)c(N)c1O,423.4928323794156,triarylboranes,,,1.3052876865385543
Cc1c(O)c(O)c(B(c2c(O)c(O)c(C)c(O)c2O)c2c(O)c(O)c(C)c(O)c2O)c(O)c1O,428.7129306429997,triarylboranes,,,2.0400912865722267
Cc1c(O)c([N+](=O)[O-])c(B(c2c([N+](=O)[O-])c(O)c(C)c(O)c2[N+](=O)[O-])c2c([N+](=O)[O-])c(O)c(C)c(O)c2[N+](=O)[O-])c([N+](=O)[O-])c1O,354.0193665679544,triarylboranes,,,4.80237681043183
Cc1c(O)cc(B(c2cc(O)c(C)c(O)c2)c2cc(O)c(C)c(O)c2)cc1O,346.72255015652627,triarylboranes,,,2.536651087020398
Cc1c([N+](=O)[O-])c(N(C)C)c(B(c2c(N(C)C)c([N+](=O)[O-])c(C)c([N+](=O)[O-])c2N(C)C)c2c(N(C)C)c([N+](=O)[O-])c(C)c([N+](=O)[O-])c2N(C)C)c(N(C)C)c1[N+](=O)[O-],379.7246675901115,triarylboranes,,,3.552580353976756
Cc1c([N+](=O)[O-])c([N+](=O)[O-])c(B(c2c([N+](=O)[O-])c([N+](=O)[O-])c(C)c([N+](=O)[O-])c2[N+](=O)[O-])c2c([N+](=O)[O-])c([N+](=O)[O-])c(C)c([N+](=O)[O-])c2[N+](=O)[O-])c([N+](=O)[O-])c1[N+](=O)[O-],490.4383353218436,triarylboranes,,,9.065543296577175
Cc1c([N+](=O)[O-])cc(B(c2cc([N+](=O)[O-])c(C)c([N+](=O)[O-])c2)c2cc([N+](=O)[O-])c(C)c([N+](=O)[O-])c2)cc1[N+](=O)[O-],508.22659802343696,triarylboranes,,,5.785510567529377
Cc1cc(B(c2cc(C)c(C(C)(C)C)c(C)c2)c2cc(C)c(C(C)(C)C)c(C)c2)cc(C)c1C(C)(C)C,313.4670719532296,triarylboranes,,,2.4453861511528467
Cc1cc(B(c2cc(C)c(C(F)(F)F)c(C)c2)c2cc(C)c(C(F)(F)F)c(C)c2)cc(C)c1C(F)(F)F,386.1948715187609,triarylboranes,,,3.630285754784052
Cc1cc(B(c2cc(C)c(C)c(C)c2)c2cc(C)c(C)c(C)c2)cc(C)c1C,300.33584274258465,triarylboranes,,,2.323669556404737
Cc1cc(B(c2cc(C)c(O)c(C)c2)c2cc(C)c(O)c(C)c2)cc(C)c1O,287.76465898007154,triarylboranes,,,2.0167308693589714
Cc1cc(B(c2cc(C)c([N+](=O)[O-])c(C)c2)c2cc(C)c([N+](=O)[O-])c(C)c2)cc(C)c1[N+](=O)[O-],426.2690625460818,triarylboranes,,,4.498383148368105
Cc1cc(C#N)c(B(c2c(C#N)cc(C)cc2C#N)c2c(C#N)cc(C)cc2C#N)c(C#N)c1,438.16294602304697,triarylboranes,,,4.956936999549853
Cc1cc(C(F)(F)F)c(B(c2c(C(F)(F)F)cc(C)cc2C(F)(F)F)c2c(C(F)(F)F)cc(C)cc2C(F)(F)F)c(C(F)(F)F)c1,330.1737598441541,triarylboranes,,,3.592755061722227
Cc1cc(C)cc(B(c2cc(C)cc(C)c2)c2cc(C)cc(C)c2)c1,309.67385165859014,triarylboranes,,,2.491034956044525
Cc1cc(F)c(B(c2c(F)cc(C)cc2F)c2c(F)cc(C)cc2F)c(F)c1,334.12235461641103,triarylboranes,,,3.139849503514479
Cc1cc(N(C)C)c(B(c2c(N(C)C)cc(C)cc2N(C)C)c2c(N(C)C)cc(C)cc2N(C)C)c(N(C)C)c1,207.1467849789188,triarylboranes,,,1.4912777217112685
Cc1cc(N)c(B(c2c(N)cc(C)cc2N)c2c(N)cc(C)cc2N)c(N)c1,327.1980441752821,triarylboranes,,,1.468229909165081
Cc1ccc(B(c2ccc(C)cc2)c2ccc(C)cc2)cc1,306.7161022843793,triarylboranes,,,2.5332295807287086
Clc1c(Br)cc(B(c2cc(Br)c(Cl)c(Br)c2)c2cc(Br)c(Cl)c(Br)c2)cc1Br,452.53950248658657,triarylboranes,,,4.530644074456307
Clc1cc(B(c2cc(Cl)c(Br)c(Cl)c2)c2cc(Cl)c(Br)c(Cl)c2)cc(Cl)c1Br,453.111861538142,triarylboranes,,,4.5874138315167885
Clc1cc(B(c2cc(Cl)c(Cl)c(Cl)c2)c2cc(Cl)c(Cl)c(Cl)c2)cc(Cl)c1Cl,453.6580180805177,triarylboranes,,,4.619234683745482
Clc1cc(Cl)cc(B(c2cc(Cl)cc(Cl)c2)c2cc(Cl)cc(Cl)c2)c1,429.800570352003,triarylboranes,,,4.22994912974793
Clc1ccc(B(c2ccc(Cl)cc2)c2ccc(Cl)cc2)cc1,370.7458769865334,triarylboranes,,,3.4221665793871665
FC(F)(F)c1c(Br)cc(B(c2cc(Br)c(C(F)(F)F)c(Br)c2)c2cc(Br)c(C(F)(F)F)c(Br)c2)cc1Br,484.0195124298334,triarylboranes,,,5.215334328052197
FC(F)(F)c1c(Cl)cc(B(c2cc(Cl)c(C(F)(F)F)c(Cl)c2)c2cc(Cl)c(C(F)(F)F)c(Cl)c2)cc1Cl,486.1382910963148,triarylboranes,,,5.318278545754509
FC(F)(F)c1cc(B(c2cc(C(F)(F)F)c(C(F)(F)F)c(C(F)(F)F)c2)c2cc(C(F)(F)F)c(C(F)(F)F)c(C(F)(F)F)c2)cc(C(F)(F)F)c1C(F)(F)F,508.983057141304,triarylboranes,,,5.95873362767718
FC(F)(F)c1cc(B(c2cc(C(F)(F)F)c(Cl)c(C(F)(F)F)c2)c2cc(C(F)(F)F)c(Cl)c(C(F)(F)F)c2)cc(C(F)(F)F)c1Cl,478.6633870061487,triarylboranes,,,5.219928927785218
FC(F)(F)c1cc(C(F)(F)F)c(C(F)(F)F)c(B(c2c(C(F)(F)F)c(C(F)(F)F)cc(C(F)(F)F)c2C(F)(F)F)c2c(C(F)(F)F)c(C(F)(F)F)cc(C(F)(F)F)c2C(F)(F)F)c1C(F)(F)F,387.3428977355361,triarylboranes,,,5.380257678478366
Fc1c(B(c2c(F)c(C(F)(F)F)c(C(F)(F)F)c(C(F)(F)F)c2F)c2c(F)c(C(F)(F)F)c(C(F)(F)F)c(C(F)(F)F)c2F)c(F)c(C(F)(F)F)c(C(F)(F)F)c1C(F)(F)F,526.8814070634544,triarylboranes,,,6.738062358805549
Fc1c(C(F)(F)F)cc(B(c2cc(C(F)(F)F)c(F)c(C(F)(F)F)c2)c2cc(C(F)(F)F)c(F)c(C(F)(F)F)c2)cc1C(F)(F)F,466.7993029560894,triarylboranes,,,4.909195186633315
Fc1c(Cl)c(F)c(Cl)c(B(c2c(Cl)c(F)c(Cl)c(F)c2Cl)c2c(Cl)c(F)c(Cl)c(F)c2Cl)c1Cl,438.0007951315493,triarylboranes,,,4.81708636401789
Fc1cc(B(c2cc(F)c(C(F)(F)F)c(F)c2)c2cc(F)c(C(F)(F)F)c(F)c2)cc(F)c1C(F)(F)F,470.9289259687066,triarylboranes,,,5.116522383148268
Fc1cc(B(c2cc(F)c(F)c(F)c2)c2cc(F)c(F)c(F)c2)cc(F)c1F,417.8034522105008,triarylboranes,,,4.103958396764267
Fc1cc(F)cc(B(c2cc(F)cc(F)c2)c2cc(F)cc(F)c2)c1,397.69036159385,triarylboranes,,,3.8402850653556206
Fc1ccc(B(c2ccc(F)cc2)c2ccc(F)cc2)cc1,340.3484132802114,triarylboranes,,,2.9715165978673244
N#Cc1c(Br)cc(B(c2cc(Br)c(C#N)c(Br)c2)c2cc(Br)c(C#N)c(Br)c2)cc1Br,512.8926632404327,triarylboranes,,,6.063885210216894
N#Cc1c(Br)cc(Br)c(C#N)c1B(c1c(C#N)c(Br)cc(Br)c1C#N)c1c(C#N)c(Br)cc(Br)c1C#N,512.7243686765432,triarylboranes,,,6.233965674870325
N#Cc1c(C(F)(F)F)cc(B(c2cc(C(F)(F)F)c(C#N)c(C(F)(F)F)c2)c2cc(C(F)(F)F)c(C#N)c(C(F)(F)F)c2)cc1C(F)(F)F,539.594604132697,triarylboranes,,,6.866143917953307
N#Cc1c(Cl)c(C#N)c(Cl)c(B(c2c(Cl)c(C#N)c(Cl)c(C#N)c2Cl)c2c(Cl)c(C#N)c(Cl)c(C#N)c2Cl)c1Cl,524.4055341221392,triarylboranes,,,6.541095224115366
N#Cc1c(Cl)cc(Cl)c(C#N)c1B(c1c(C#N)c(Cl)cc(Cl)c1C#N)c1c(C#N)c(Cl)cc(Cl)c1C#N,518.4595113061368,triarylboranes,,,6.432784744330498
N#Cc1c(O)cc(B(c2cc(O)c(C#N)c(O)c2)c2cc(O)c(C#N)c(O)c2)cc1O,436.6888064248488,triarylboranes,,,4.55540713934476
N#Cc1c([N+](=O)[O-])c(B(c2c([N+](=O)[O-])c(C#N)c(C(F)(F)F)c(C#N)c2[N+](=O)[O-])c2c([N+](=O)[O-])c(C#N)c(C(F)(F)F)c(C#N)c2[N+](=O)[O-])c([N+](=O)[O-])c(C#N)c1C(F)(F)F,553.9179154541343,triarylboranes,,,10.89649052919311
N#Cc1cc(B(c2cc(C#N)c(C(F)(F)F)c(C#N)c2)c2cc(C#N)c(C(F)(F)F)c(C#N)c2)cc(C#N)c1C(F)(F)F,569.524361233227,triarylboranes,,,7.156708769162891
N#Cc1cc(B(c2cc(C#N)c(Cl)c(C#N)c2)c2cc(C#N)c(Cl)c(C#N)c2)cc(C#N)c1Cl,540.6470096325502,triarylboranes,,,6.37704904123891
N#Cc1cc(B(c2cc(C#N)c(N)c(C#N)c2)c2cc(C#N)c(N)c(C#N)c2)cc(C#N)c1N,437.6523649990559,triarylboranes,,,3.92630031963967
N#Cc1cc(B(c2cc(C#N)c([N+](=O)[O-])c(C#N)c2)c2cc(C#N)c([N+](=O)[O-])c(C#N)c2)cc(C#N)c1[N+](=O)[O-],607.6435523033142,triarylboranes,,,8.353377499567419
N#Cc1cc(C#N)c(F)c(B(c2c(F)c(C#N)cc(C#N)c2F)c2c(F)c(C#N)cc(C#N)c2F)c1F,541.9102165447548,triarylboranes,,,6.975909121249027
N#Cc1cc(C#N)cc(B(c2cc(C#N)cc(C#N)c2)c2cc(C#N)cc(C#N)c2)c1,519.7585562979802,triarylboranes,,,5.997051344970889
N#Cc1ccc(B(c2ccc(C#N)cc2)c2ccc(C#N)cc2)cc1,436.74287072476,triarylboranes,,,4.841983023514579
N#Cc1cccc(C#N)c1B(c1c(C#N)cccc1C#N)c1c(C#N)cccc1C#N,457.4013512479141,triarylboranes,,,5.328664844274382
Nc1c(Br)cc(B(c2cc(Br)c(N)c(Br)c2)c2cc(Br)c(N)c(Br)c2)cc1Br,366.3963158205152,triarylboranes,,,2.777599849878874
Nc1c(C(F)(F)F)cc(B(c2cc(C(F)(F)F)c(N)c(C(F)(F)F)c2)c2cc(C(F)(F)F)c(N)c(C(F)(F)F)c2)cc1C(F)(F)F,380.0308796782047,triarylboranes,,,3.1271019841714898
Nc1c(Cl)cc(Cl)c(N)c1B(c1c(N)c(Cl)cc(Cl)c1N)c1c(N)c(Cl)cc(Cl)c1N,418.4982383288443,triarylboranes,,,2.785580453690827
Nc1c(F)c(N)c(F)c(B(c2c(F)c(N)c(F)c(N)c2F)c2c(F)c(N)c(F)c(N)c2F)c1F,343.8815489001572,triarylboranes,,,2.789158674487567
Nc1c(O)cc(B(c2cc(O)c(N)c(O)c2)c2cc(O)c(N)c(O)c2)cc1O,317.82091267965734,triarylboranes,,,2.032031467415233
Nc1c([N+](=O)[O-])cc(B(c2cc([N+](=O)[O-])c(N)c([N+](=O)[O-])c2)c2cc([N+](=O)[O-])c(N)c([N+](=O)[O-])c2)cc1[N+](=O)[O-],449.3394378237426,triarylboranes,,,4.862939777043387
Nc1cc(B(c2cc(N)c(Br)c(N)c2)c2cc(N)c(Br)c(N)c2)cc(N)c1Br,335.4979591891169,triarylboranes,,,2.4160212470029503
Nc1cc(B(c2cc(N)c(Cl)c(N)c2)c2cc(N)c(Cl)c(N)c2)cc(N)c1Cl,337.42862076312304,triarylboranes,,,2.372811402932007
Nc1cc(B(c2cc(N)c(F)c(N)c2)c2cc(N)c(F)c(N)c2)cc(N)c1F,309.37998204678297,triarylboranes,,,2.0823646681337555
Nc1cc(B(c2cc(N)c(N)c(N)c2)c2cc(N)c(N)c(N)c2)cc(N)c1N,281.06632534042,triarylboranes,,,1.6261772696147123
Nc1cc(B(c2cc(N)c(O)c(N)c2)c2cc(N)c(O)c(N)c2)cc(N)c1O,288.7488802401349,triarylboranes,,,1.7946460270575275
Nc1cc(N)cc(B(c2cc(N)cc(N)c2)c2cc(N)cc(N)c2)c1,292.40423289407045,triarylboranes,,,1.8931409003719768
Nc1ccc(B(c2ccc(N)cc2)c2ccc(N)cc2)cc1,269.25170571450144,triarylboranes,,,1.766261767131287
O=[N+]([O-])c1c(F)cc(B(c2cc(F)c([N+](=O)[O-])c(F)c2)c2cc(F)c([N+](=O)[O-])c(F)c2)cc1F,514.9101238436997,triarylboranes,,,6.188384722858143
O=[N+]([O-])c1cc(B(c2cc([N+](=O)[O-])c(C(F)(F)F)c([N+](=O)[O-])c2)c2cc([N+](=O)[O-])c(C(F)(F)F)c([N+](=O)[O-])c2)cc([N+](=O)[O-])c1C(F)(F)F,584.2264797240496,triarylboranes,,,7.650252221006696
O=[N+]([O-])c1cc(B(c2cc([N+](=O)[O-])c(Cl)c([N+](=O)[O-])c2)c2cc([N+](=O)[O-])c(Cl)c([N+](=O)[O-])c2)cc([N+](=O)[O-])c1Cl,550.4327739775181,triarylboranes,,,6.676566521852021
O=[N+]([O-])c1cc(B(c2cc([N+](=O)[O-])c(F)c([N+](=O)[O-])c2)c2cc([N+](=O)[O-])c(F)c([N+](=O)[O-])c2)cc([N+](=O)[O-])c1F,544.0382107133046,triarylboranes,,,6.418443505619915
O=[N+]([O-])c1cc(B(c2cc([N+](=O)[O-])c(O)c([N+](=O)[O-])c2)c2cc([N+](=O)[O-])c(O)c([N+](=O)[O-])c2)cc([N+](=O)[O-])c1O,500.0342234969139,triarylboranes,,,5.581927202780682
O=[N+]([O-])c1cc(B(c2cc([N+](=O)[O-])cc([N+](=O)[O-])c2)c2cc([N+](=O)[O-])cc([N+](=O)[O-])c2)cc([N+](=O)[O-])c1,532.2937969630584,triarylboranes,,,6.402267678394567
O=[N+]([O-])c1cc(Cl)c(B(c2c(Cl)cc([N+](=O)[O-])cc2Cl)c2c(Cl)cc([N+](=O)[O-])cc2Cl)c(Cl)c1,454.2568684220314,triarylboranes,,,5.638207354726368
O=[N+]([O-])c1ccc(B(c2ccc([N+](=O)[O-])cc2)c2ccc([N+](=O)[O-])cc2)cc1,453.476228447631,triarylboranes,,,5.406234464106857
O=[N+]([O-])c1cccc([N+](=O)[O-])c1B(c1c([N+](=O)[O-])cccc1[N+](=O)[O-])c1c([N+](=O)[O-])cccc1[N+](=O)[O-],350.57780839595944,triarylboranes,,,5.909754941955745
Oc1c(Br)cc(B(c2cc(Br)c(O)c(Br)c2)c2cc(Br)c(O)c(Br)c2)cc1Br,401.68015046417713,triarylboranes,,,3.478878697387873
Oc1c(Cl)c(Cl)c(Cl)c(O)c1B(c1c(O)c(Cl)c(Cl)c(Cl)c1O)c1c(O)c(Cl)c(Cl)c(Cl)c1O,479.60284348763525,triarylboranes,,,3.5518078577865597
Oc1c(F)cc(B(c2cc(F)c(O)c(F)c2)c2cc(F)c(O)c(F)c2)cc1F,374.97361493948847,triarylboranes,,,3.2832262604543234
Oc1cc(B(c2cc(O)c(Br)c(O)c2)c2cc(O)c(Br)c(O)c2)cc(O)c1Br,388.613666087389,triarylboranes,,,3.3509402911499118
Oc1cc(B(c2cc(O)c(Cl)c(O)c2)c2cc(O)c(Cl)c(O)c2)cc(O)c1Cl,374.5500692473725,triarylboranes,,,3.169953429098213
Oc1cc(B(c2cc(O)c(O)c(O)c2)c2cc(O)c(O)c(O)c2)cc(O)c1O,294.6656549805776,triarylboranes,,,2.293114913779948
Oc1cc(O)cc(B(c2cc(O)cc(O)c2)c2cc(O)cc(O)c2)c1,335.9975656243041,triarylboranes,,,2.651813712804884
Oc1ccc(B(c2ccc(O)cc2)c2ccc(O)cc2)cc1,298.68756684381515,triarylboranes,,,2.267924345620517
c1ccc(B(c2ccccc2)c2ccccc2)cc1,316.5945415357128,triarylboranes,,,2.7729445792758605
